Set,mem_role,scene_cat,sim_cat,avg_similarity_rating,P(Old | Lure),P(Old | Target),P(Old | Foil)
1,lure,snowy_village,low,2.533333333,0,,
1,lure,jazz_club,low,2.333333333,0.125,,
1,lure,glowing_bioluminescent_forest,low,2.266666667,0,,
1,lure,zen_garden,low,2.533333333,0.1428571428571428,,
1,lure,basketball_court,low,1.8,0.25,,
1,lure,fishing_dock_on_a_quiet_lake,low,2.066666667,0.125,,
1,lure,salt_lake,low,1.133333333,0,,
1,lure,music_studio,low,1.8,0,,
1,lure,porch,low,2.466666667,0,,
1,lure,volcanic_landscape,low,2.466666667,0.4285714285714285,,
1,lure,green_valley,low,3,0.375,,
1,lure,golf_course,low,2.866666667,0.25,,
1,lure,cozy_office,low,2.6,0.75,,
1,lure,barber_shop,moderate,2.4,0.375,,
1,lure,market_stall_interior,moderate,3.066666667,0.125,,
1,lure,ranch,moderate,3.333333333,0.125,,
1,lure,green_park,moderate,3.533333333,0.375,,
1,lure,farmhouse,moderate,3.533333333,0.5,,
1,lure,hotel_room_balcony_view,moderate,3.066666667,0.125,,
1,lure,arctic_ice_floe,moderate,4.2,0.625,,
1,lure,rocky_beach,moderate,3.133333333,0.375,,
1,lure,stormy_ocean_waves,moderate,3.266666667,0.25,,
1,lure,industrial_workshop,moderate,3.266666667,0.625,,
1,lure,historic_square,moderate,2.6,0,,
1,lure,artist_s_loft,moderate,3.666666667,0.25,,
1,lure,factory_floor_with_conveyor_belts,moderate,3,0,,
1,lure,dormitory_hallway,high,4.133333333,0.625,,
1,lure,deserted_pier,high,4.066666667,0.5,,
1,lure,limestone_cave_entrance,high,4.333333333,0.25,,
1,lure,library,high,4.4,0.625,,
1,lure,vintage_diner,high,4,0.625,,
1,lure,urban_canal,high,4.333333333,0.6666666666666666,,
1,lure,indoor_climbing_gym,high,3.6,0,,
1,lure,bridge,high,4.4,0.875,,
1,lure,detective_office,high,4.066666667,0.375,,
1,lure,mountain_top_weather_station,high,4.333333333,0.375,,
1,lure,marshland_boardwalk,high,3.933333333,0.625,,
1,lure,laundromat,high,3.333333333,0.75,,
1,lure,underground_bunker,high,4.066666667,0.7777777777777778,,
1,target,airplane_interior,low,,,1,
1,target,herbalist_s_shop,moderate,,,0.8823529411764706,
1,target,winter_lake,low,,,0.875,
1,target,art_gallery,moderate,,,0.9375,
1,target,oil_rig,high,,,1,
1,target,desert_nomad_camp,low,,,0.9411764705882352,
1,target,ski_lodge,low,,,0.875,
1,target,movie_theatre,moderate,,,0.9375,
1,target,bathroom,high,,,1,
1,target,windmill_field,moderate,,,0.8125,
1,target,rooftop_garden,high,,,0.6875,
1,target,glacier_edge,moderate,,,0.7333333333333333,
1,target,ship_s_engine_room,moderate,,,1,
1,target,desert_oasis,low,,,0.8823529411764706,
1,target,harbor,moderate,,,0.8823529411764706,
1,target,bathhouse,moderate,,,0.6666666666666666,
1,target,backyard,moderate,,,0.8125,
1,target,jungle,moderate,,,0.875,
1,target,wooden_cabin,high,,,0.9375,
1,target,tropical_beach,low,,,0.9375,
1,target,graveyard,moderate,,,0.8,
1,target,rainy_mountain_village,moderate,,,0.8125,
1,target,alpine_meadow,moderate,,,0.875,
1,target,mountain_stream_waterfall,high,,,0.8125,
1,target,parking_garage,low,,,1,
1,target,urban_sidewalk,low,,,0.875,
1,target,island_with_palm_trees,high,,,0.9375,
1,target,warehouse_with_stacks_of_crates,low,,,0.9375,
1,target,sunken_ship,moderate,,,1,
1,target,train_station_waiting_hall,moderate,,,0.875,
1,target,castle_tower_chamber,moderate,,,0.9411764705882352,
1,target,university_lecture_hall,low,,,0.875,
1,target,medieval_tavern,moderate,,,0.75,
1,target,underground_cave_with_stalactites,low,,,0.8125,
1,target,high_desert_mesa,low,,,0.7333333333333333,
1,target,dimly_lit_modern_bar,moderate,,,0.9375,
1,target,fireplace_lounge,low,,,0.8125,
1,target,ornate_theater_balcony,moderate,,,1,
1,target,aviary,low,,,0.9411764705882352,
1,target,farmland,low,,,0.875,
1,target,high-tech_laboratory,low,,,0.8666666666666667,
1,target,hot_air_balloon_overlook,moderate,,,1,
1,target,river_delta,low,,,0.9375,
1,target,snowy_cliffside_trail,low,,,0.875,
1,target,countryside_road,high,,,0.75,
1,target,flooded_valley,high,,,0.7647058823529411,
1,target,cheese_cellar,moderate,,,1,
1,target,spa_room_with_pools,low,,,1,
1,target,basement_workshop,high,,,0.8235294117647058,
1,target,aquarium_viewing_room,low,,,0.9411764705882352,
1,target,rainy_alleyway,high,,,0.875,
1,target,classroom,high,,,0.75,
1,target,modern_gym,moderate,,,0.8125,
1,target,forest_lake,moderate,,,0.9333333333333332,
1,target,secluded_hilltop_shrine,moderate,,,0.875,
1,target,victorian_parlor,high,,,0.875,
1,target,dance_club_with_neon_lights,low,,,0.9411764705882352,
1,target,outdoor_gym,low,,,0.75,
1,target,viking_longhouse,moderate,,,0.8125,
1,target,train_station_platform,low,,,0.9375,
1,target,concert_hall,moderate,,,0.8235294117647058,
1,target,old_kitchen,high,,,1,
1,target,suburb,low,,,0.875,
1,target,water_reservoir,high,,,0.875,
1,target,prairie_with_grazing_animals,low,,,0.8125,
1,target,candle_workshop,low,,,1,
1,target,overgrown_ruins,high,,,0.875,
1,target,banquet_hall,low,,,0.875,
1,target,temple_garden,high,,,0.875,
1,target,rustic_barn_loft,high,,,0.9375,
1,target,quiet_riverbank,low,,,0.75,
1,target,ballroom,high,,,0.8666666666666667,
1,target,campfire,high,,,0.9411764705882352,
1,target,cathedral_interior,moderate,,,0.8823529411764706,
1,target,airplane_hangar,low,,,0.9411764705882352,
1,target,base_camp,low,,,0.875,
1,target,underwater_research_station,low,,,1,
1,target,fountain_plaza,high,,,0.8823529411764706,
1,foil,hockey_rink,high,,,,0.125
1,foil,sunlit_forest_path,moderate,,,,0.5
1,foil,birdwatching_tower_in_wetlands,moderate,,,,0.125
1,foil,elevator_shaft_interior,low,,,,0.125
1,foil,village_corner,low,,,,0.125
1,foil,children_s_playroom,high,,,,0.125
1,foil,cozy_attic,moderate,,,,0.625
1,foil,craft_workshop,high,,,,0.25
1,foil,hospital_waiting_area,low,,,,0.125
1,foil,canyon,moderate,,,,0.375
1,foil,windswept_grassland,low,,,,0.375
1,foil,bakery_kitchen,high,,,,0
1,foil,deforested_area,low,,,,0.25
1,foil,autumn_road,low,,,,0.125
1,foil,mountain_bike_trail,moderate,,,,0.1428571428571428
1,foil,snow-covered_trail,high,,,,0.375
1,foil,abandoned_quarry,low,,,,0.125
1,foil,observatory_dome_interior,low,,,,0.25
1,foil,sunset_at_a_wind_farm,low,,,,0
1,foil,dry_riverbed,moderate,,,,0.25
1,foil,ice_bar,moderate,,,,0.125
1,foil,desert_rock_arch,high,,,,0.125
1,foil,indoor_pool,high,,,,0.5714285714285714
1,foil,running_tracks,low,,,,0.125
1,foil,overgrown_mine_entrance,high,,,,0.1111111111111111
1,foil,computer_lab,moderate,,,,0.375
1,foil,crater_lake,moderate,,,,0.25
1,foil,museum_exhibit_room,moderate,,,,0.2857142857142857
1,foil,log_cabin_living_room,high,,,,0.7142857142857143
1,foil,courthouse_interior,moderate,,,,0.625
1,foil,railway_tunnel,low,,,,0.1428571428571428
1,foil,pyramids,low,,,,0
1,foil,overgrown_garden,moderate,,,,0.2857142857142857
1,foil,greenhouse,high,,,,0.5
1,foil,family_dining_room,low,,,,0.25
1,foil,frozen_riverbank,moderate,,,,0.125
1,foil,water_tank_roof,moderate,,,,0.125
1,foil,solar_panel_farm,moderate,,,,0
1,foil,basement_storage_room,high,,,,0.375
2,lure,backyard,low,1.733333333,0.125,,
2,lure,windswept_grassland,low,1.866666667,0.2857142857142857,,
2,lure,elevator_shaft_interior,low,1.6,0,,
2,lure,forest_lake,low,2.133333333,0.25,,
2,lure,bathhouse,low,1.866666667,0.25,,
2,lure,parking_garage,low,2.2,0.25,,
2,lure,candle_workshop,low,2.266666667,0.125,,
2,lure,ranch,low,2.733333333,0.25,,
2,lure,overgrown_garden,low,1.733333333,0,,
2,lure,log_cabin_living_room,low,2.2,0.375,,
2,lure,running_tracks,low,1.533333333,0.1111111111111111,,
2,lure,overgrown_ruins,low,1.6,0,,
2,lure,tropical_beach,low,2.8,0.375,,
2,lure,university_lecture_hall,moderate,2.866666667,0.4285714285714285,,
2,lure,fishing_dock_on_a_quiet_lake,moderate,3.333333333,0.25,,
2,lure,ornate_theater_balcony,moderate,2.4,0,,
2,lure,dry_riverbed,moderate,3.6,0.25,,
2,lure,concert_hall,moderate,1.866666667,0.375,,
2,lure,castle_tower_chamber,moderate,3.6,0.25,,
2,lure,train_station_platform,moderate,3.133333333,0.4285714285714285,,
2,lure,medieval_tavern,moderate,3.2,0.375,,
2,lure,banquet_hall,moderate,4,0.625,,
2,lure,mountain_bike_trail,moderate,3.533333333,0.625,,
2,lure,victorian_parlor,moderate,3.866666667,0.4444444444444444,,
2,lure,underwater_research_station,moderate,2.6,0.1428571428571428,,
2,lure,green_valley,moderate,3.2,0.5,,
2,lure,island_with_palm_trees,high,4.4,0.875,,
2,lure,wooden_cabin,high,4.2,0.875,,
2,lure,salt_lake,high,3.733333333,0.1428571428571428,,
2,lure,campfire,high,4.6,0.625,,
2,lure,autumn_road,high,4.2,0.75,,
2,lure,farmhouse,high,4,1,,
2,lure,hotel_room_balcony_view,high,4.533333333,0.375,,
2,lure,porch,high,4.666666667,0.5,,
2,lure,prairie_with_grazing_animals,high,4.466666667,0.5,,
2,lure,rainy_alleyway,high,4.6,1,,
2,lure,computer_lab,high,4,0,,
2,lure,sunken_ship,high,4.333333333,0.8888888888888888,,
2,lure,golf_course,high,4.2,0.625,,
2,target,ice_bar,high,,,1,
2,target,art_gallery,moderate,,,0.9375,
2,target,glowing_bioluminescent_forest,high,,,0.9411764705882352,
2,target,deserted_pier,low,,,0.9411764705882352,
2,target,dormitory_hallway,low,,,0.8823529411764706,
2,target,secluded_hilltop_shrine,moderate,,,0.875,
2,target,herbalist_s_shop,moderate,,,0.8823529411764706,
2,target,windmill_field,moderate,,,0.8125,
2,target,ship_s_engine_room,moderate,,,1,
2,target,rocky_beach,low,,,0.6875,
2,target,dimly_lit_modern_bar,moderate,,,0.9375,
2,target,market_stall_interior,high,,,0.9375,
2,target,modern_gym,moderate,,,0.8125,
2,target,factory_floor_with_conveyor_belts,low,,,0.8235294117647058,
2,target,sunlit_forest_path,low,,,0.9375,
2,target,fireplace_lounge,low,,,0.8125,
2,target,harbor,moderate,,,0.8823529411764706,
2,target,volcanic_landscape,low,,,0.875,
2,target,cheese_cellar,moderate,,,1,
2,target,dance_club_with_neon_lights,low,,,0.9411764705882352,
2,target,aquarium_viewing_room,low,,,0.9411764705882352,
2,target,artist_s_loft,low,,,0.9411764705882352,
2,target,zen_garden,low,,,0.8125,
2,target,snowy_cliffside_trail,low,,,0.875,
2,target,hot_air_balloon_overlook,moderate,,,1,
2,target,suburb,low,,,0.875,
2,target,cozy_office,moderate,,,1,
2,target,fountain_plaza,high,,,0.8823529411764706,
2,target,temple_garden,high,,,0.875,
2,target,countryside_road,high,,,0.75,
2,target,water_reservoir,high,,,0.875,
2,target,snowy_village,high,,,0.875,
2,target,indoor_climbing_gym,moderate,,,1,
2,target,ballroom,high,,,0.8666666666666667,
2,target,deforested_area,high,,,0.9333333333333332,
2,target,rainy_mountain_village,moderate,,,0.8125,
2,target,urban_canal,low,,,0.9375,
2,target,hospital_waiting_area,high,,,0.9375,
2,target,barber_shop,high,,,1,
2,target,greenhouse,moderate,,,0.9411764705882352,
2,target,aviary,low,,,0.9411764705882352,
2,target,village_corner,high,,,0.9375,
2,target,stormy_ocean_waves,moderate,,,0.875,
2,target,solar_panel_farm,moderate,,,1,
2,target,snow-covered_trail,low,,,0.75,
2,target,oil_rig,high,,,1,
2,target,railway_tunnel,high,,,0.875,
2,target,bathroom,high,,,1,
2,target,warehouse_with_stacks_of_crates,low,,,0.9375,
2,target,industrial_workshop,low,,,0.875,
2,target,observatory_dome_interior,moderate,,,0.875,
2,target,indoor_pool,high,,,0.875,
2,target,basement_storage_room,high,,,0.9411764705882352,
2,target,outdoor_gym,low,,,0.75,
2,target,flooded_valley,high,,,0.7647058823529411,
2,target,hockey_rink,low,,,1,
2,target,bridge,low,,,0.9375,
2,target,overgrown_mine_entrance,low,,,1,
2,target,craft_workshop,low,,,0.8666666666666667,
2,target,historic_square,high,,,0.75,
2,target,desert_nomad_camp,low,,,0.9411764705882352,
2,target,underground_bunker,low,,,0.8125,
2,target,water_tank_roof,high,,,1,
2,target,rooftop_garden,high,,,0.6875,
2,target,urban_sidewalk,low,,,0.875,
2,target,classroom,high,,,0.75,
2,target,museum_exhibit_room,high,,,0.8125,
2,target,vintage_diner,high,,,0.9375,
2,target,canyon,high,,,0.8823529411764706,
2,target,rustic_barn_loft,high,,,0.9375,
2,target,green_park,moderate,,,0.8,
2,target,underground_cave_with_stalactites,low,,,0.8125,
2,target,pyramids,low,,,0.9375,
2,target,laundromat,high,,,0.9375,
2,target,limestone_cave_entrance,high,,,0.8125,
2,target,frozen_riverbank,high,,,0.9411764705882352,
2,target,arctic_ice_floe,low,,,0.9411764705882352,
2,target,spa_room_with_pools,low,,,1,
2,foil,mountain_stream_waterfall,high,,,,0.2222222222222222
2,foil,marshland_boardwalk,moderate,,,,0.25
2,foil,courthouse_interior,moderate,,,,0.625
2,foil,high_desert_mesa,low,,,,0.375
2,foil,jungle,high,,,,0.4285714285714285
2,foil,train_station_waiting_hall,high,,,,0.25
2,foil,cozy_attic,moderate,,,,0.625
2,foil,basketball_court,low,,,,0.125
2,foil,high-tech_laboratory,moderate,,,,0.625
2,foil,ski_lodge,moderate,,,,0.25
2,foil,mountain_top_weather_station,moderate,,,,0.2857142857142857
2,foil,jazz_club,moderate,,,,0.125
2,foil,sunset_at_a_wind_farm,low,,,,0
2,foil,river_delta,low,,,,0.1428571428571428
2,foil,graveyard,moderate,,,,0
2,foil,farmland,high,,,,0.125
2,foil,old_kitchen,moderate,,,,0.4285714285714285
2,foil,viking_longhouse,moderate,,,,0
2,foil,glacier_edge,high,,,,0.125
2,foil,movie_theatre,low,,,,0.25
2,foil,desert_rock_arch,high,,,,0.125
2,foil,airplane_hangar,high,,,,0.125
2,foil,abandoned_quarry,low,,,,0.125
2,foil,birdwatching_tower_in_wetlands,moderate,,,,0.125
2,foil,base_camp,low,,,,0.125
2,foil,crater_lake,moderate,,,,0.25
2,foil,cathedral_interior,low,,,,0.25
2,foil,library,high,,,,0.4285714285714285
2,foil,desert_oasis,low,,,,0.125
2,foil,family_dining_room,low,,,,0.25
2,foil,children_s_playroom,high,,,,0.125
2,foil,quiet_riverbank,low,,,,0.2857142857142857
2,foil,airplane_interior,low,,,,0
2,foil,detective_office,moderate,,,,0.125
2,foil,basement_workshop,moderate,,,,0.25
2,foil,alpine_meadow,high,,,,0.5
2,foil,winter_lake,high,,,,0.25
2,foil,bakery_kitchen,high,,,,0
2,foil,music_studio,moderate,,,,0.1428571428571428
3,lure,historic_square,low,1.666666667,0,,
3,lure,village_corner,low,2.466666667,0,,
3,lure,railway_tunnel,low,2.333333333,0,,
3,lure,abandoned_quarry,low,1.8,0,,
3,lure,bakery_kitchen,low,1.333333333,0.25,,
3,lure,water_tank_roof,low,2.533333333,0.4285714285714285,,
3,lure,wooden_cabin,low,2.933333333,0.2857142857142857,,
3,lure,vintage_diner,low,2.533333333,0.1428571428571428,,
3,lure,graveyard,low,2.133333333,0,,
3,lure,oil_rig,low,2.4,0,,
3,lure,jungle,low,3.266666667,0.375,,
3,lure,desert_rock_arch,low,2.733333333,0.25,,
3,lure,solar_panel_farm,low,1.666666667,0.2222222222222222,,
3,lure,rainy_alleyway,moderate,3.533333333,0.75,,
3,lure,outdoor_gym,moderate,3.2,0.125,,
3,lure,herbalist_s_shop,moderate,3.2,0.5,,
3,lure,river_delta,moderate,3.4,0.625,,
3,lure,library,moderate,3.6,0.625,,
3,lure,hospital_waiting_area,moderate,2.933333333,0.875,,
3,lure,alpine_meadow,moderate,3.733333333,0.625,,
3,lure,jazz_club,moderate,2.733333333,0,,
3,lure,tropical_beach,moderate,3.6,0.4285714285714285,,
3,lure,dimly_lit_modern_bar,moderate,3.2,0.125,,
3,lure,museum_exhibit_room,moderate,3,0.125,,
3,lure,dormitory_hallway,moderate,2.866666667,0,,
3,lure,marshland_boardwalk,moderate,2.466666667,0.125,,
3,lure,cozy_attic,high,4.533333333,0.875,,
3,lure,base_camp,high,4.4,0.625,,
3,lure,high-tech_laboratory,high,3.733333333,0.5,,
3,lure,modern_gym,high,3.666666667,0.375,,
3,lure,warehouse_with_stacks_of_crates,high,4.2,1,,
3,lure,castle_tower_chamber,high,4.666666667,0.5,,
3,lure,cozy_office,high,3.6,0.125,,
3,lure,flooded_valley,high,4.733333333,0.625,,
3,lure,glowing_bioluminescent_forest,high,4.533333333,0.875,,
3,lure,banquet_hall,high,4.466666667,0.375,,
3,lure,sunlit_forest_path,high,4.333333333,1,,
3,lure,frozen_riverbank,high,3.933333333,0.75,,
3,lure,glacier_edge,high,3.866666667,0.75,,
3,target,pyramids,low,,,0.9375,
3,target,barber_shop,high,,,1,
3,target,green_park,moderate,,,0.8,
3,target,underwater_research_station,low,,,1,
3,target,ornate_theater_balcony,moderate,,,1,
3,target,aquarium_viewing_room,low,,,0.9411764705882352,
3,target,arctic_ice_floe,low,,,0.9411764705882352,
3,target,backyard,moderate,,,0.8125,
3,target,windmill_field,moderate,,,0.8125,
3,target,water_reservoir,high,,,0.875,
3,target,underground_bunker,low,,,0.8125,
3,target,desert_oasis,low,,,0.8823529411764706,
3,target,temple_garden,high,,,0.875,
3,target,train_station_platform,low,,,0.9375,
3,target,underground_cave_with_stalactites,low,,,0.8125,
3,target,rustic_barn_loft,high,,,0.9375,
3,target,computer_lab,moderate,,,0.9411764705882352,
3,target,urban_canal,low,,,0.9375,
3,target,canyon,high,,,0.8823529411764706,
3,target,craft_workshop,low,,,0.8666666666666667,
3,target,limestone_cave_entrance,high,,,0.8125,
3,target,parking_garage,low,,,1,
3,target,crater_lake,moderate,,,0.7647058823529411,
3,target,ballroom,high,,,0.8666666666666667,
3,target,family_dining_room,moderate,,,0.8125,
3,target,victorian_parlor,high,,,0.875,
3,target,windswept_grassland,moderate,,,0.9375,
3,target,cathedral_interior,moderate,,,0.8823529411764706,
3,target,basement_storage_room,high,,,0.9411764705882352,
3,target,island_with_palm_trees,high,,,0.9375,
3,target,bathhouse,moderate,,,0.6666666666666666,
3,target,industrial_workshop,low,,,0.875,
3,target,airplane_interior,low,,,1,
3,target,ice_bar,high,,,1,
3,target,factory_floor_with_conveyor_belts,low,,,0.8235294117647058,
3,target,children_s_playroom,high,,,0.9375,
3,target,volcanic_landscape,low,,,0.875,
3,target,prairie_with_grazing_animals,low,,,0.8125,
3,target,farmland,low,,,0.875,
3,target,quiet_riverbank,low,,,0.75,
3,target,laundromat,high,,,0.9375,
3,target,green_valley,moderate,,,0.8823529411764706,
3,target,fountain_plaza,high,,,0.8823529411764706,
3,target,bridge,low,,,0.9375,
3,target,elevator_shaft_interior,low,,,0.9411764705882352,
3,target,stormy_ocean_waves,moderate,,,0.875,
3,target,deserted_pier,low,,,0.9411764705882352,
3,target,farmhouse,moderate,,,0.8666666666666667,
3,target,mountain_bike_trail,moderate,,,0.8125,
3,target,porch,low,,,0.875,
3,target,detective_office,high,,,0.8666666666666667,
3,target,zen_garden,low,,,0.8125,
3,target,snowy_cliffside_trail,low,,,0.875,
3,target,sunset_at_a_wind_farm,low,,,0.9375,
3,target,birdwatching_tower_in_wetlands,moderate,,,0.8666666666666667,
3,target,airplane_hangar,low,,,0.9411764705882352,
3,target,university_lecture_hall,low,,,0.875,
3,target,courthouse_interior,moderate,,,0.8823529411764706,
3,target,harbor,moderate,,,0.8823529411764706,
3,target,golf_course,low,,,0.75,
3,target,ship_s_engine_room,moderate,,,1,
3,target,basement_workshop,high,,,0.8235294117647058,
3,target,hockey_rink,low,,,1,
3,target,observatory_dome_interior,moderate,,,0.875,
3,target,dance_club_with_neon_lights,low,,,0.9411764705882352,
3,target,forest_lake,moderate,,,0.9333333333333332,
3,target,fireplace_lounge,low,,,0.8125,
3,target,music_studio,moderate,,,0.9375,
3,target,classroom,high,,,0.75,
3,target,mountain_stream_waterfall,high,,,0.8125,
3,target,indoor_climbing_gym,moderate,,,1,
3,target,ranch,high,,,0.8125,
3,target,hot_air_balloon_overlook,moderate,,,1,
3,target,bathroom,high,,,1,
3,target,artist_s_loft,low,,,0.9411764705882352,
3,target,rooftop_garden,high,,,0.6875,
3,target,overgrown_garden,moderate,,,0.875,
3,target,mountain_top_weather_station,high,,,0.75,
3,foil,overgrown_ruins,high,,,,0.375
3,foil,viking_longhouse,moderate,,,,0
3,foil,dry_riverbed,moderate,,,,0.25
3,foil,sunken_ship,low,,,,0.125
3,foil,market_stall_interior,low,,,,0.1111111111111111
3,foil,salt_lake,high,,,,0.25
3,foil,train_station_waiting_hall,high,,,,0.25
3,foil,candle_workshop,low,,,,0.25
3,foil,countryside_road,high,,,,0.25
3,foil,desert_nomad_camp,low,,,,0.125
3,foil,deforested_area,low,,,,0.25
3,foil,ski_lodge,moderate,,,,0.25
3,foil,old_kitchen,moderate,,,,0.4285714285714285
3,foil,hotel_room_balcony_view,high,,,,0.25
3,foil,cheese_cellar,high,,,,0.125
3,foil,spa_room_with_pools,moderate,,,,0.125
3,foil,greenhouse,high,,,,0.5
3,foil,basketball_court,low,,,,0.125
3,foil,art_gallery,moderate,,,,0.25
3,foil,campfire,low,,,,0.125
3,foil,indoor_pool,high,,,,0.5714285714285714
3,foil,high_desert_mesa,low,,,,0.375
3,foil,log_cabin_living_room,high,,,,0.7142857142857143
3,foil,rainy_mountain_village,high,,,,0.25
3,foil,autumn_road,low,,,,0.125
3,foil,concert_hall,high,,,,0.25
3,foil,winter_lake,high,,,,0.25
3,foil,rocky_beach,low,,,,0.1428571428571428
3,foil,secluded_hilltop_shrine,high,,,,0.25
3,foil,suburb,moderate,,,,0.125
3,foil,movie_theatre,low,,,,0.25
3,foil,overgrown_mine_entrance,high,,,,0.1111111111111111
3,foil,fishing_dock_on_a_quiet_lake,moderate,,,,0.125
3,foil,aviary,moderate,,,,0.125
3,foil,snow-covered_trail,high,,,,0.375
3,foil,snowy_village,low,,,,0
3,foil,medieval_tavern,high,,,,0.2857142857142857
3,foil,urban_sidewalk,low,,,,0.25
3,foil,running_tracks,low,,,,0.125
4,lure,art_gallery,low,2.2,0.375,,
4,lure,high_desert_mesa,low,2.066666667,0.125,,
4,lure,aviary,low,2.8,0,,
4,lure,spa_room_with_pools,low,1.666666667,0.3333333333333333,,
4,lure,rooftop_garden,low,1.8,0,,
4,lure,farmhouse,low,2.8,0.125,,
4,lure,victorian_parlor,low,2.2,0.2857142857142857,,
4,lure,classroom,low,1.933333333,0.5,,
4,lure,temple_garden,low,1.533333333,0.125,,
4,lure,train_station_platform,low,2.8,0.25,,
4,lure,snowy_cliffside_trail,low,1.666666667,0,,
4,lure,castle_tower_chamber,low,2.666666667,0.125,,
4,lure,basement_storage_room,low,1.8,0,,
4,lure,birdwatching_tower_in_wetlands,moderate,4.266666667,0.625,,
4,lure,quiet_riverbank,moderate,3.4,0.625,,
4,lure,indoor_climbing_gym,moderate,3,0.5,,
4,lure,children_s_playroom,moderate,2.333333333,0.125,,
4,lure,ski_lodge,moderate,4.066666667,0.25,,
4,lure,airplane_interior,moderate,2.866666667,0,,
4,lure,countryside_road,moderate,2.933333333,0.875,,
4,lure,overgrown_garden,moderate,4.266666667,0.5,,
4,lure,rainy_mountain_village,moderate,4.133333333,0.375,,
4,lure,courthouse_interior,moderate,2.8,0.25,,
4,lure,elevator_shaft_interior,moderate,2.866666667,0.375,,
4,lure,desert_oasis,moderate,4.266666667,0.625,,
4,lure,urban_sidewalk,moderate,3.066666667,0.7142857142857143,,
4,lure,basement_workshop,high,3.866666667,0.5,,
4,lure,solar_panel_farm,high,4,0.8571428571428571,,
4,lure,ice_bar,high,3.933333333,0.5,,
4,lure,airplane_hangar,high,3.533333333,0.5,,
4,lure,medieval_tavern,high,4.333333333,0.625,,
4,lure,movie_theatre,high,4.2,1,,
4,lure,river_delta,high,4,0.375,,
4,lure,jungle,high,4.6,0.625,,
4,lure,hot_air_balloon_overlook,high,4.266666667,0.25,,
4,lure,stormy_ocean_waves,high,4.133333333,1,,
4,lure,viking_longhouse,high,4.333333333,0.5,,
4,lure,fireplace_lounge,high,4.6,0.75,,
4,lure,zen_garden,high,4.066666667,0.625,,
4,target,indoor_pool,high,,,0.875,
4,target,urban_canal,low,,,0.9375,
4,target,prairie_with_grazing_animals,low,,,0.8125,
4,target,train_station_waiting_hall,moderate,,,0.875,
4,target,hockey_rink,low,,,1,
4,target,canyon,high,,,0.8823529411764706,
4,target,railway_tunnel,high,,,0.875,
4,target,sunken_ship,moderate,,,1,
4,target,detective_office,high,,,0.8666666666666667,
4,target,outdoor_gym,low,,,0.75,
4,target,golf_course,low,,,0.75,
4,target,snowy_village,high,,,0.875,
4,target,farmland,low,,,0.875,
4,target,overgrown_ruins,high,,,0.875,
4,target,overgrown_mine_entrance,low,,,1,
4,target,ship_s_engine_room,moderate,,,1,
4,target,limestone_cave_entrance,high,,,0.8125,
4,target,oil_rig,high,,,1,
4,target,island_with_palm_trees,high,,,0.9375,
4,target,ranch,high,,,0.8125,
4,target,harbor,moderate,,,0.8823529411764706,
4,target,mountain_bike_trail,moderate,,,0.8125,
4,target,mountain_top_weather_station,high,,,0.75,
4,target,salt_lake,low,,,0.9375,
4,target,water_reservoir,high,,,0.875,
4,target,rustic_barn_loft,high,,,0.9375,
4,target,family_dining_room,moderate,,,0.8125,
4,target,rocky_beach,low,,,0.6875,
4,target,museum_exhibit_room,high,,,0.8125,
4,target,campfire,high,,,0.9411764705882352,
4,target,fountain_plaza,high,,,0.8823529411764706,
4,target,frozen_riverbank,high,,,0.9411764705882352,
4,target,bridge,low,,,0.9375,
4,target,suburb,low,,,0.875,
4,target,abandoned_quarry,moderate,,,0.875,
4,target,sunlit_forest_path,low,,,0.9375,
4,target,snow-covered_trail,low,,,0.75,
4,target,secluded_hilltop_shrine,moderate,,,0.875,
4,target,bakery_kitchen,high,,,0.8666666666666667,
4,target,barber_shop,high,,,1,
4,target,aquarium_viewing_room,low,,,0.9411764705882352,
4,target,music_studio,moderate,,,0.9375,
4,target,basketball_court,low,,,0.8125,
4,target,underground_cave_with_stalactites,low,,,0.8125,
4,target,winter_lake,low,,,0.875,
4,target,glacier_edge,moderate,,,0.7333333333333333,
4,target,running_tracks,low,,,0.875,
4,target,pyramids,low,,,0.9375,
4,target,modern_gym,moderate,,,0.8125,
4,target,dimly_lit_modern_bar,moderate,,,0.9375,
4,target,underground_bunker,low,,,0.8125,
4,target,water_tank_roof,high,,,1,
4,target,bathhouse,moderate,,,0.6666666666666666,
4,target,arctic_ice_floe,low,,,0.9411764705882352,
4,target,backyard,moderate,,,0.8125,
4,target,autumn_road,low,,,0.9411764705882352,
4,target,ornate_theater_balcony,moderate,,,1,
4,target,log_cabin_living_room,high,,,0.9375,
4,target,rainy_alleyway,high,,,0.875,
4,target,deserted_pier,low,,,0.9411764705882352,
4,target,deforested_area,high,,,0.9333333333333332,
4,target,marshland_boardwalk,low,,,0.9375,
4,target,green_park,moderate,,,0.8,
4,target,desert_nomad_camp,low,,,0.9411764705882352,
4,target,vintage_diner,high,,,0.9375,
4,target,high-tech_laboratory,low,,,0.8666666666666667,
4,target,alpine_meadow,moderate,,,0.875,
4,target,cozy_office,moderate,,,1,
4,target,glowing_bioluminescent_forest,high,,,0.9411764705882352,
4,target,windswept_grassland,moderate,,,0.9375,
4,target,banquet_hall,low,,,0.875,
4,target,windmill_field,moderate,,,0.8125,
4,target,craft_workshop,low,,,0.8666666666666667,
4,target,historic_square,high,,,0.75,
4,target,old_kitchen,high,,,1,
4,target,computer_lab,moderate,,,0.9411764705882352,
4,target,cathedral_interior,moderate,,,0.8823529411764706,
4,target,graveyard,moderate,,,0.8,
4,foil,greenhouse,high,,,,0.5
4,foil,industrial_workshop,high,,,,0.5714285714285714
4,foil,hotel_room_balcony_view,high,,,,0.25
4,foil,library,high,,,,0.4285714285714285
4,foil,artist_s_loft,low,,,,0.25
4,foil,parking_garage,low,,,,0.2857142857142857
4,foil,herbalist_s_shop,high,,,,0.125
4,foil,observatory_dome_interior,low,,,,0.25
4,foil,base_camp,low,,,,0.125
4,foil,volcanic_landscape,low,,,,0
4,foil,concert_hall,high,,,,0.25
4,foil,hospital_waiting_area,low,,,,0.125
4,foil,factory_floor_with_conveyor_belts,moderate,,,,0.125
4,foil,market_stall_interior,low,,,,0.1111111111111111
4,foil,forest_lake,high,,,,0.625
4,foil,dry_riverbed,moderate,,,,0.25
4,foil,fishing_dock_on_a_quiet_lake,moderate,,,,0.125
4,foil,bathroom,moderate,,,,0.25
4,foil,cozy_attic,moderate,,,,0.625
4,foil,crater_lake,moderate,,,,0.25
4,foil,flooded_valley,low,,,,0.125
4,foil,candle_workshop,low,,,,0.25
4,foil,mountain_stream_waterfall,high,,,,0.2222222222222222
4,foil,jazz_club,moderate,,,,0.125
4,foil,dance_club_with_neon_lights,low,,,,0.125
4,foil,warehouse_with_stacks_of_crates,low,,,,0.5
4,foil,tropical_beach,moderate,,,,0.25
4,foil,laundromat,high,,,,0.1428571428571428
4,foil,dormitory_hallway,low,,,,0.25
4,foil,village_corner,low,,,,0.125
4,foil,wooden_cabin,low,,,,0.375
4,foil,ballroom,high,,,,0.25
4,foil,university_lecture_hall,high,,,,0.125
4,foil,sunset_at_a_wind_farm,low,,,,0
4,foil,cheese_cellar,high,,,,0.125
4,foil,underwater_research_station,high,,,,0.375
4,foil,porch,high,,,,0.125
4,foil,desert_rock_arch,high,,,,0.125
4,foil,green_valley,moderate,,,,0.5
5,lure,rainy_alleyway,low,1.733333333,0.5,,
5,lure,hospital_waiting_area,low,1.933333333,0.125,,
5,lure,airplane_interior,low,1.533333333,0.125,,
5,lure,barber_shop,low,2.333333333,0,,
5,lure,overgrown_mine_entrance,low,1.666666667,0,,
5,lure,harbor,low,2.466666667,0.375,,
5,lure,market_stall_interior,low,1.533333333,0,,
5,lure,library,low,2.466666667,0.5,,
5,lure,concert_hall,low,1.533333333,0,,
5,lure,glacier_edge,low,2.066666667,0,,
5,lure,dormitory_hallway,low,2.133333333,0.25,,
5,lure,museum_exhibit_room,low,1.933333333,0,,
5,lure,industrial_workshop,low,2.533333333,0.5,,
5,lure,snowy_village,moderate,3.733333333,0.625,,
5,lure,ballroom,moderate,4.2,0.5,,
5,lure,desert_rock_arch,moderate,3.333333333,0.5,,
5,lure,flooded_valley,moderate,3.266666667,0,,
5,lure,backyard,moderate,2.866666667,0.25,,
5,lure,observatory_dome_interior,moderate,2.733333333,0.625,,
5,lure,water_tank_roof,moderate,2.8,0.3333333333333333,,
5,lure,deforested_area,moderate,3.333333333,0.375,,
5,lure,parking_garage,moderate,2.933333333,0.625,,
5,lure,viking_longhouse,moderate,3.533333333,0.1111111111111111,,
5,lure,deserted_pier,moderate,3.266666667,0,,
5,lure,jungle,moderate,3.933333333,0.5,,
5,lure,art_gallery,moderate,3.333333333,0.25,,
5,lure,classroom,high,4,0.75,,
5,lure,elevator_shaft_interior,high,4.2,0.75,,
5,lure,snow-covered_trail,high,4.333333333,0.7142857142857143,,
5,lure,temple_garden,high,3.466666667,0.4444444444444444,,
5,lure,rocky_beach,high,4.266666667,0.125,,
5,lure,green_park,high,4,0.375,,
5,lure,crater_lake,high,3.8,0.875,,
5,lure,winter_lake,high,4.333333333,0.375,,
5,lure,cathedral_interior,high,4.466666667,0.875,,
5,lure,abandoned_quarry,high,4.466666667,0.75,,
5,lure,rustic_barn_loft,high,3.933333333,0.5714285714285714,,
5,lure,quiet_riverbank,high,4.266666667,0.375,,
5,lure,overgrown_ruins,high,4.066666667,0.625,,
5,target,mountain_bike_trail,moderate,,,0.8125,
5,target,river_delta,low,,,0.9375,
5,target,laundromat,high,,,0.9375,
5,target,base_camp,low,,,0.875,
5,target,porch,low,,,0.875,
5,target,rainy_mountain_village,moderate,,,0.8125,
5,target,zen_garden,low,,,0.8125,
5,target,canyon,high,,,0.8823529411764706,
5,target,cozy_office,moderate,,,1,
5,target,fishing_dock_on_a_quiet_lake,low,,,0.9375,
5,target,desert_nomad_camp,low,,,0.9411764705882352,
5,target,sunken_ship,moderate,,,1,
5,target,ship_s_engine_room,moderate,,,1,
5,target,secluded_hilltop_shrine,moderate,,,0.875,
5,target,golf_course,low,,,0.75,
5,target,hot_air_balloon_overlook,moderate,,,1,
5,target,pyramids,low,,,0.9375,
5,target,birdwatching_tower_in_wetlands,moderate,,,0.8666666666666667,
5,target,modern_gym,moderate,,,0.8125,
5,target,windmill_field,moderate,,,0.8125,
5,target,fountain_plaza,high,,,0.8823529411764706,
5,target,glowing_bioluminescent_forest,high,,,0.9411764705882352,
5,target,water_reservoir,high,,,0.875,
5,target,cheese_cellar,moderate,,,1,
5,target,salt_lake,low,,,0.9375,
5,target,marshland_boardwalk,low,,,0.9375,
5,target,underground_cave_with_stalactites,low,,,0.8125,
5,target,forest_lake,moderate,,,0.9333333333333332,
5,target,old_kitchen,high,,,1,
5,target,volcanic_landscape,low,,,0.875,
5,target,stormy_ocean_waves,moderate,,,0.875,
5,target,windswept_grassland,moderate,,,0.9375,
5,target,indoor_pool,high,,,0.875,
5,target,vintage_diner,high,,,0.9375,
5,target,herbalist_s_shop,moderate,,,0.8823529411764706,
5,target,countryside_road,high,,,0.75,
5,target,hockey_rink,low,,,1,
5,target,tropical_beach,low,,,0.9375,
5,target,frozen_riverbank,high,,,0.9411764705882352,
5,target,banquet_hall,low,,,0.875,
5,target,cozy_attic,moderate,,,1,
5,target,castle_tower_chamber,moderate,,,0.9411764705882352,
5,target,courthouse_interior,moderate,,,0.8823529411764706,
5,target,suburb,low,,,0.875,
5,target,historic_square,high,,,0.75,
5,target,farmland,low,,,0.875,
5,target,desert_oasis,low,,,0.8823529411764706,
5,target,wooden_cabin,high,,,0.9375,
5,target,computer_lab,moderate,,,0.9411764705882352,
5,target,ranch,high,,,0.8125,
5,target,alpine_meadow,moderate,,,0.875,
5,target,craft_workshop,low,,,0.8666666666666667,
5,target,arctic_ice_floe,low,,,0.9411764705882352,
5,target,greenhouse,moderate,,,0.9411764705882352,
5,target,factory_floor_with_conveyor_belts,low,,,0.8235294117647058,
5,target,graveyard,moderate,,,0.8,
5,target,urban_canal,low,,,0.9375,
5,target,autumn_road,low,,,0.9411764705882352,
5,target,sunlit_forest_path,low,,,0.9375,
5,target,indoor_climbing_gym,moderate,,,1,
5,target,rooftop_garden,high,,,0.6875,
5,target,train_station_waiting_hall,moderate,,,0.875,
5,target,fireplace_lounge,low,,,0.8125,
5,target,candle_workshop,low,,,1,
5,target,bakery_kitchen,high,,,0.8666666666666667,
5,target,running_tracks,low,,,0.875,
5,target,music_studio,moderate,,,0.9375,
5,target,prairie_with_grazing_animals,low,,,0.8125,
5,target,basement_storage_room,high,,,0.9411764705882352,
5,target,solar_panel_farm,moderate,,,1,
5,target,jazz_club,moderate,,,0.75,
5,target,snowy_cliffside_trail,low,,,0.875,
5,target,campfire,high,,,0.9411764705882352,
5,target,mountain_top_weather_station,high,,,0.75,
5,target,farmhouse,moderate,,,0.8666666666666667,
5,target,train_station_platform,low,,,0.9375,
5,target,railway_tunnel,high,,,0.875,
5,target,underwater_research_station,low,,,1,
5,foil,university_lecture_hall,high,,,,0.125
5,foil,spa_room_with_pools,moderate,,,,0.125
5,foil,ornate_theater_balcony,moderate,,,,0
5,foil,dry_riverbed,moderate,,,,0.25
5,foil,village_corner,low,,,,0.125
5,foil,sunset_at_a_wind_farm,low,,,,0
5,foil,dance_club_with_neon_lights,low,,,,0.125
5,foil,victorian_parlor,moderate,,,,0.125
5,foil,urban_sidewalk,low,,,,0.25
5,foil,movie_theatre,low,,,,0.25
5,foil,bathroom,moderate,,,,0.25
5,foil,family_dining_room,low,,,,0.25
5,foil,basement_workshop,moderate,,,,0.25
5,foil,airplane_hangar,high,,,,0.125
5,foil,detective_office,moderate,,,,0.125
5,foil,high-tech_laboratory,moderate,,,,0.625
5,foil,aquarium_viewing_room,low,,,,0.125
5,foil,overgrown_garden,moderate,,,,0.2857142857142857
5,foil,hotel_room_balcony_view,high,,,,0.25
5,foil,high_desert_mesa,low,,,,0.375
5,foil,warehouse_with_stacks_of_crates,low,,,,0.5
5,foil,ski_lodge,moderate,,,,0.25
5,foil,limestone_cave_entrance,high,,,,0.1428571428571428
5,foil,children_s_playroom,high,,,,0.125
5,foil,island_with_palm_trees,moderate,,,,0.125
5,foil,bridge,low,,,,0.125
5,foil,underground_bunker,high,,,,0.5
5,foil,mountain_stream_waterfall,high,,,,0.2222222222222222
5,foil,artist_s_loft,low,,,,0.25
5,foil,medieval_tavern,high,,,,0.2857142857142857
5,foil,bathhouse,high,,,,0.25
5,foil,log_cabin_living_room,high,,,,0.7142857142857143
5,foil,oil_rig,low,,,,0.125
5,foil,green_valley,moderate,,,,0.5
5,foil,dimly_lit_modern_bar,moderate,,,,0.375
5,foil,ice_bar,moderate,,,,0.125
5,foil,aviary,moderate,,,,0.125
5,foil,outdoor_gym,moderate,,,,0.1428571428571428
5,foil,basketball_court,low,,,,0.125
6,lure,arctic_ice_floe,low,1.733333333,0.25,,
6,lure,ice_bar,low,2,0.125,,
6,lure,ship_s_engine_room,low,2.466666667,0,,
6,lure,alpine_meadow,low,2.8,0,,
6,lure,ballroom,low,3.133333333,0.25,,
6,lure,detective_office,low,1.666666667,0.125,,
6,lure,cozy_attic,low,2.066666667,0.25,,
6,lure,observatory_dome_interior,low,2.6,0.5,,
6,lure,bathroom,low,1.533333333,0,,
6,lure,mountain_top_weather_station,low,2.8,0.5,,
6,lure,crater_lake,low,2.333333333,0.125,,
6,lure,underwater_research_station,low,1.933333333,0,,
6,lure,flooded_valley,low,1.733333333,0,,
6,lure,overgrown_ruins,moderate,3.066666667,0.125,,
6,lure,aviary,moderate,3.733333333,0.25,,
6,lure,abandoned_quarry,moderate,3.333333333,0.5,,
6,lure,salt_lake,moderate,2.933333333,0.125,,
6,lure,old_kitchen,moderate,2.666666667,0.125,,
6,lure,train_station_waiting_hall,moderate,3.333333333,0.8571428571428571,,
6,lure,urban_canal,moderate,3.866666667,0.4285714285714285,,
6,lure,basketball_court,moderate,3.8,0.625,,
6,lure,village_corner,moderate,3.733333333,0.4444444444444444,,
6,lure,log_cabin_living_room,moderate,3.066666667,0.375,,
6,lure,rustic_barn_loft,moderate,3.133333333,0.375,,
6,lure,snow-covered_trail,moderate,2.933333333,0.25,,
6,lure,bridge,moderate,3.333333333,0.625,,
6,lure,dance_club_with_neon_lights,high,4.466666667,0.75,,
6,lure,cheese_cellar,high,3.533333333,0.875,,
6,lure,family_dining_room,high,3.4,0.25,,
6,lure,jazz_club,high,4.333333333,0.625,,
6,lure,desert_rock_arch,high,4.8,0.875,,
6,lure,suburb,high,3.666666667,0.2857142857142857,,
6,lure,underground_cave_with_stalactites,high,4.266666667,0.8888888888888888,,
6,lure,hospital_waiting_area,high,4.466666667,0.75,,
6,lure,rooftop_garden,high,3.466666667,0.125,,
6,lure,courthouse_interior,high,4,0.5,,
6,lure,indoor_pool,high,4.6,0.375,,
6,lure,graveyard,high,3.8,0.875,,
6,lure,water_tank_roof,high,3.6,0.625,,
6,target,autumn_road,low,,,0.9411764705882352,
6,target,sunken_ship,moderate,,,1,
6,target,mountain_bike_trail,moderate,,,0.8125,
6,target,aquarium_viewing_room,low,,,0.9411764705882352,
6,target,rainy_alleyway,high,,,0.875,
6,target,cozy_office,moderate,,,1,
6,target,golf_course,low,,,0.75,
6,target,dry_riverbed,low,,,0.9411764705882352,
6,target,rainy_mountain_village,moderate,,,0.8125,
6,target,candle_workshop,low,,,1,
6,target,countryside_road,high,,,0.75,
6,target,farmhouse,moderate,,,0.8666666666666667,
6,target,windswept_grassland,moderate,,,0.9375,
6,target,stormy_ocean_waves,moderate,,,0.875,
6,target,spa_room_with_pools,low,,,1,
6,target,birdwatching_tower_in_wetlands,moderate,,,0.8666666666666667,
6,target,classroom,high,,,0.75,
6,target,wooden_cabin,high,,,0.9375,
6,target,volcanic_landscape,low,,,0.875,
6,target,craft_workshop,low,,,0.8666666666666667,
6,target,running_tracks,low,,,0.875,
6,target,ornate_theater_balcony,moderate,,,1,
6,target,hot_air_balloon_overlook,moderate,,,1,
6,target,glowing_bioluminescent_forest,high,,,0.9411764705882352,
6,target,campfire,high,,,0.9411764705882352,
6,target,art_gallery,moderate,,,0.9375,
6,target,island_with_palm_trees,high,,,0.9375,
6,target,limestone_cave_entrance,high,,,0.8125,
6,target,frozen_riverbank,high,,,0.9411764705882352,
6,target,backyard,moderate,,,0.8125,
6,target,elevator_shaft_interior,low,,,0.9411764705882352,
6,target,desert_nomad_camp,low,,,0.9411764705882352,
6,target,market_stall_interior,high,,,0.9375,
6,target,museum_exhibit_room,high,,,0.8125,
6,target,movie_theatre,moderate,,,0.9375,
6,target,high-tech_laboratory,low,,,0.8666666666666667,
6,target,marshland_boardwalk,low,,,0.9375,
6,target,bathhouse,moderate,,,0.6666666666666666,
6,target,ski_lodge,low,,,0.875,
6,target,fishing_dock_on_a_quiet_lake,low,,,0.9375,
6,target,solar_panel_farm,moderate,,,1,
6,target,airplane_hangar,low,,,0.9411764705882352,
6,target,sunlit_forest_path,low,,,0.9375,
6,target,deforested_area,high,,,0.9333333333333332,
6,target,laundromat,high,,,0.9375,
6,target,vintage_diner,high,,,0.9375,
6,target,green_valley,moderate,,,0.8823529411764706,
6,target,high_desert_mesa,low,,,0.7333333333333333,
6,target,airplane_interior,low,,,1,
6,target,windmill_field,moderate,,,0.8125,
6,target,victorian_parlor,high,,,0.875,
6,target,pyramids,low,,,0.9375,
6,target,greenhouse,moderate,,,0.9411764705882352,
6,target,mountain_stream_waterfall,high,,,0.8125,
6,target,dormitory_hallway,low,,,0.8823529411764706,
6,target,barber_shop,high,,,1,
6,target,tropical_beach,low,,,0.9375,
6,target,oil_rig,high,,,1,
6,target,artist_s_loft,low,,,0.9411764705882352,
6,target,parking_garage,low,,,1,
6,target,jungle,moderate,,,0.875,
6,target,basement_storage_room,high,,,0.9411764705882352,
6,target,deserted_pier,low,,,0.9411764705882352,
6,target,castle_tower_chamber,moderate,,,0.9411764705882352,
6,target,historic_square,high,,,0.75,
6,target,outdoor_gym,low,,,0.75,
6,target,concert_hall,moderate,,,0.8235294117647058,
6,target,basement_workshop,high,,,0.8235294117647058,
6,target,rocky_beach,low,,,0.6875,
6,target,medieval_tavern,moderate,,,0.75,
6,target,secluded_hilltop_shrine,moderate,,,0.875,
6,target,children_s_playroom,high,,,0.9375,
6,target,industrial_workshop,low,,,0.875,
6,target,urban_sidewalk,low,,,0.875,
6,target,herbalist_s_shop,moderate,,,0.8823529411764706,
6,target,porch,low,,,0.875,
6,target,computer_lab,moderate,,,0.9411764705882352,
6,target,music_studio,moderate,,,0.9375,
6,foil,sunset_at_a_wind_farm,low,,,,0
6,foil,winter_lake,high,,,,0.25
6,foil,snowy_village,low,,,,0
6,foil,dimly_lit_modern_bar,moderate,,,,0.375
6,foil,fountain_plaza,moderate,,,,0.375
6,foil,green_park,high,,,,0.375
6,foil,ranch,low,,,,0.4285714285714285
6,foil,railway_tunnel,low,,,,0.1428571428571428
6,foil,temple_garden,moderate,,,,0.25
6,foil,hockey_rink,high,,,,0.125
6,foil,indoor_climbing_gym,moderate,,,,0.125
6,foil,university_lecture_hall,high,,,,0.125
6,foil,farmland,high,,,,0.125
6,foil,bakery_kitchen,high,,,,0
6,foil,factory_floor_with_conveyor_belts,moderate,,,,0.125
6,foil,hotel_room_balcony_view,high,,,,0.25
6,foil,harbor,moderate,,,,0.125
6,foil,overgrown_garden,moderate,,,,0.2857142857142857
6,foil,underground_bunker,high,,,,0.5
6,foil,forest_lake,high,,,,0.625
6,foil,banquet_hall,low,,,,0.25
6,foil,cathedral_interior,low,,,,0.25
6,foil,water_reservoir,low,,,,0.125
6,foil,snowy_cliffside_trail,moderate,,,,0.125
6,foil,prairie_with_grazing_animals,low,,,,0.1428571428571428
6,foil,base_camp,low,,,,0.125
6,foil,warehouse_with_stacks_of_crates,low,,,,0.5
6,foil,overgrown_mine_entrance,high,,,,0.1111111111111111
6,foil,zen_garden,high,,,,0.125
6,foil,fireplace_lounge,high,,,,0.25
6,foil,desert_oasis,low,,,,0.125
6,foil,quiet_riverbank,low,,,,0.2857142857142857
6,foil,canyon,moderate,,,,0.375
6,foil,modern_gym,high,,,,0.1428571428571428
6,foil,river_delta,low,,,,0.1428571428571428
6,foil,library,high,,,,0.4285714285714285
6,foil,train_station_platform,high,,,,0.125
6,foil,glacier_edge,high,,,,0.125
6,foil,viking_longhouse,moderate,,,,0
7,lure,frozen_riverbank,low,2.4,0.25,,
7,lure,mountain_stream_waterfall,low,1.933333333,0.125,,
7,lure,high-tech_laboratory,low,1.6,0,,
7,lure,family_dining_room,low,1.733333333,0,,
7,lure,quiet_riverbank,low,2.6,0.25,,
7,lure,rustic_barn_loft,low,2.666666667,0.1111111111111111,,
7,lure,hockey_rink,low,1.666666667,0,,
7,lure,stormy_ocean_waves,low,2.133333333,0,,
7,lure,university_lecture_hall,low,2.533333333,0,,
7,lure,deforested_area,low,2.4,0.25,,
7,lure,computer_lab,low,1.533333333,0.125,,
7,lure,indoor_climbing_gym,low,2.266666667,0,,
7,lure,limestone_cave_entrance,low,2.866666667,0.5,,
7,lure,desert_nomad_camp,moderate,3.866666667,0.125,,
7,lure,canyon,moderate,3,0.5,,
7,lure,cheese_cellar,moderate,3.266666667,0.625,,
7,lure,bakery_kitchen,moderate,2.666666667,0.25,,
7,lure,cathedral_interior,moderate,3.666666667,0.625,,
7,lure,classroom,moderate,2.6,0.25,,
7,lure,water_reservoir,moderate,3.2,0.3333333333333333,,
7,lure,farmland,moderate,3.266666667,0.125,,
7,lure,harbor,moderate,3.4,0.25,,
7,lure,pyramids,moderate,3.2,0.625,,
7,lure,aquarium_viewing_room,moderate,3,0,,
7,lure,rooftop_garden,moderate,3.2,0.375,,
7,lure,glowing_bioluminescent_forest,moderate,3.266666667,0.375,,
7,lure,underwater_research_station,high,3.533333333,0.3333333333333333,,
7,lure,craft_workshop,high,4,0.375,,
7,lure,urban_sidewalk,high,4.333333333,0.4444444444444444,,
7,lure,parking_garage,high,4.4,0.875,,
7,lure,forest_lake,high,4.6,0.625,,
7,lure,airplane_interior,high,4.533333333,0.875,,
7,lure,basement_storage_room,high,3.533333333,1,,
7,lure,sunset_at_a_wind_farm,high,4.266666667,0.6666666666666666,,
7,lure,music_studio,high,3.333333333,0.375,,
7,lure,ballroom,high,4.466666667,0.75,,
7,lure,snowy_cliffside_trail,high,3.266666667,0.7142857142857143,,
7,lure,aviary,high,4.466666667,0.75,,
7,lure,secluded_hilltop_shrine,high,3.6,0.5714285714285714,,
7,target,ship_s_engine_room,moderate,,,1,
7,target,train_station_waiting_hall,moderate,,,0.875,
7,target,cozy_attic,moderate,,,1,
7,target,airplane_hangar,low,,,0.9411764705882352,
7,target,dance_club_with_neon_lights,low,,,0.9411764705882352,
7,target,abandoned_quarry,moderate,,,0.875,
7,target,observatory_dome_interior,moderate,,,0.875,
7,target,medieval_tavern,moderate,,,0.75,
7,target,movie_theatre,moderate,,,0.9375,
7,target,urban_canal,low,,,0.9375,
7,target,log_cabin_living_room,high,,,0.9375,
7,target,sunken_ship,moderate,,,1,
7,target,fountain_plaza,high,,,0.8823529411764706,
7,target,winter_lake,low,,,0.875,
7,target,backyard,moderate,,,0.8125,
7,target,bathhouse,moderate,,,0.6666666666666666,
7,target,fishing_dock_on_a_quiet_lake,low,,,0.9375,
7,target,victorian_parlor,high,,,0.875,
7,target,ice_bar,high,,,1,
7,target,crater_lake,moderate,,,0.7647058823529411,
7,target,campfire,high,,,0.9411764705882352,
7,target,base_camp,low,,,0.875,
7,target,art_gallery,moderate,,,0.9375,
7,target,suburb,low,,,0.875,
7,target,golf_course,low,,,0.75,
7,target,castle_tower_chamber,moderate,,,0.9411764705882352,
7,target,running_tracks,low,,,0.875,
7,target,green_park,moderate,,,0.8,
7,target,children_s_playroom,high,,,0.9375,
7,target,desert_oasis,low,,,0.8823529411764706,
7,target,mountain_bike_trail,moderate,,,0.8125,
7,target,railway_tunnel,high,,,0.875,
7,target,ski_lodge,low,,,0.875,
7,target,rainy_alleyway,high,,,0.875,
7,target,tropical_beach,low,,,0.9375,
7,target,prairie_with_grazing_animals,low,,,0.8125,
7,target,wooden_cabin,high,,,0.9375,
7,target,hotel_room_balcony_view,low,,,0.8,
7,target,sunlit_forest_path,low,,,0.9375,
7,target,underground_bunker,low,,,0.8125,
7,target,spa_room_with_pools,low,,,1,
7,target,porch,low,,,0.875,
7,target,rocky_beach,low,,,0.6875,
7,target,river_delta,low,,,0.9375,
7,target,concert_hall,moderate,,,0.8235294117647058,
7,target,fireplace_lounge,low,,,0.8125,
7,target,dry_riverbed,low,,,0.9411764705882352,
7,target,basement_workshop,high,,,0.8235294117647058,
7,target,salt_lake,low,,,0.9375,
7,target,mountain_top_weather_station,high,,,0.75,
7,target,overgrown_garden,moderate,,,0.875,
7,target,museum_exhibit_room,high,,,0.8125,
7,target,dormitory_hallway,low,,,0.8823529411764706,
7,target,dimly_lit_modern_bar,moderate,,,0.9375,
7,target,glacier_edge,moderate,,,0.7333333333333333,
7,target,jazz_club,moderate,,,0.75,
7,target,market_stall_interior,high,,,0.9375,
7,target,old_kitchen,high,,,1,
7,target,vintage_diner,high,,,0.9375,
7,target,hot_air_balloon_overlook,moderate,,,1,
7,target,overgrown_ruins,high,,,0.875,
7,target,modern_gym,moderate,,,0.8125,
7,target,historic_square,high,,,0.75,
7,target,deserted_pier,low,,,0.9411764705882352,
7,target,jungle,moderate,,,0.875,
7,target,laundromat,high,,,0.9375,
7,target,detective_office,high,,,0.8666666666666667,
7,target,bathroom,high,,,1,
7,target,water_tank_roof,high,,,1,
7,target,marshland_boardwalk,low,,,0.9375,
7,target,ranch,high,,,0.8125,
7,target,train_station_platform,low,,,0.9375,
7,target,factory_floor_with_conveyor_belts,low,,,0.8235294117647058,
7,target,arctic_ice_floe,low,,,0.9411764705882352,
7,target,barber_shop,high,,,1,
7,target,countryside_road,high,,,0.75,
7,target,village_corner,high,,,0.9375,
7,target,desert_rock_arch,low,,,0.8823529411764706,
7,foil,viking_longhouse,moderate,,,,0
7,foil,overgrown_mine_entrance,high,,,,0.1111111111111111
7,foil,island_with_palm_trees,moderate,,,,0.125
7,foil,courthouse_interior,moderate,,,,0.625
7,foil,alpine_meadow,high,,,,0.5
7,foil,ornate_theater_balcony,moderate,,,,0
7,foil,cozy_office,low,,,,0.375
7,foil,zen_garden,high,,,,0.125
7,foil,snow-covered_trail,high,,,,0.375
7,foil,high_desert_mesa,low,,,,0.375
7,foil,greenhouse,high,,,,0.5
7,foil,hospital_waiting_area,low,,,,0.125
7,foil,temple_garden,moderate,,,,0.25
7,foil,autumn_road,low,,,,0.125
7,foil,warehouse_with_stacks_of_crates,low,,,,0.5
7,foil,library,high,,,,0.4285714285714285
7,foil,underground_cave_with_stalactites,high,,,,0.375
7,foil,windmill_field,moderate,,,,0.125
7,foil,artist_s_loft,low,,,,0.25
7,foil,bridge,low,,,,0.125
7,foil,snowy_village,low,,,,0
7,foil,basketball_court,low,,,,0.125
7,foil,solar_panel_farm,moderate,,,,0
7,foil,rainy_mountain_village,high,,,,0.25
7,foil,birdwatching_tower_in_wetlands,moderate,,,,0.125
7,foil,industrial_workshop,high,,,,0.5714285714285714
7,foil,candle_workshop,low,,,,0.25
7,foil,oil_rig,low,,,,0.125
7,foil,windswept_grassland,low,,,,0.375
7,foil,herbalist_s_shop,high,,,,0.125
7,foil,volcanic_landscape,low,,,,0
7,foil,elevator_shaft_interior,low,,,,0.125
7,foil,flooded_valley,low,,,,0.125
7,foil,green_valley,moderate,,,,0.5
7,foil,outdoor_gym,moderate,,,,0.1428571428571428
7,foil,banquet_hall,low,,,,0.25
7,foil,graveyard,moderate,,,,0
7,foil,indoor_pool,high,,,,0.5714285714285714
7,foil,farmhouse,moderate,,,,0.125
8,lure,rocky_beach,low,2.266666667,0,,
8,lure,hot_air_balloon_overlook,low,3.133333333,0.625,,
8,lure,countryside_road,low,1.666666667,0,,
8,lure,sunken_ship,low,2.333333333,0.125,,
8,lure,dimly_lit_modern_bar,low,1.6,0.375,,
8,lure,greenhouse,low,3.133333333,0.625,,
8,lure,outdoor_gym,low,1.666666667,0.25,,
8,lure,bridge,low,2.466666667,0.125,,
8,lure,base_camp,low,2.933333333,0.25,,
8,lure,artist_s_loft,low,2,0,,
8,lure,dry_riverbed,low,2.933333333,0.25,,
8,lure,aquarium_viewing_room,low,1.733333333,0.125,,
8,lure,ski_lodge,low,3.133333333,0,,
8,lure,bathroom,moderate,2.466666667,0.875,,
8,lure,high_desert_mesa,moderate,2.866666667,0.125,,
8,lure,overgrown_mine_entrance,moderate,3,0.125,,
8,lure,underground_bunker,moderate,3.266666667,0.4285714285714285,,
8,lure,fountain_plaza,moderate,3.066666667,0.5,,
8,lure,underground_cave_with_stalactites,moderate,3.533333333,0.1428571428571428,,
8,lure,island_with_palm_trees,moderate,3.666666667,0.5,,
8,lure,campfire,moderate,4.2,0.5,,
8,lure,sunset_at_a_wind_farm,moderate,3.333333333,0.5714285714285714,,
8,lure,computer_lab,moderate,2.333333333,0.375,,
8,lure,craft_workshop,moderate,2.666666667,0.25,,
8,lure,volcanic_landscape,moderate,3.133333333,0.5555555555555556,,
8,lure,laundromat,moderate,3.2,0.625,,
8,lure,train_station_waiting_hall,high,4.266666667,0.7777777777777778,,
8,lure,concert_hall,high,4.533333333,0.25,,
8,lure,market_stall_interior,high,4.6,0.875,,
8,lure,log_cabin_living_room,high,4.4,0.625,,
8,lure,backyard,high,3.666666667,0.5,,
8,lure,windmill_field,high,4,0.625,,
8,lure,art_gallery,high,4.466666667,0.625,,
8,lure,village_corner,high,4,0.625,,
8,lure,ornate_theater_balcony,high,3.866666667,0.375,,
8,lure,university_lecture_hall,high,4.266666667,1,,
8,lure,farmland,high,3.8,0.25,,
8,lure,barber_shop,high,3.8,0.25,,
8,lure,oil_rig,high,4.8,0.875,,
8,target,vintage_diner,high,,,0.9375,
8,target,courthouse_interior,moderate,,,0.8823529411764706,
8,target,deserted_pier,low,,,0.9411764705882352,
8,target,indoor_pool,high,,,0.875,
8,target,limestone_cave_entrance,high,,,0.8125,
8,target,zen_garden,low,,,0.8125,
8,target,porch,low,,,0.875,
8,target,banquet_hall,low,,,0.875,
8,target,rainy_alleyway,high,,,0.875,
8,target,castle_tower_chamber,moderate,,,0.9411764705882352,
8,target,observatory_dome_interior,moderate,,,0.875,
8,target,prairie_with_grazing_animals,low,,,0.8125,
8,target,museum_exhibit_room,high,,,0.8125,
8,target,abandoned_quarry,moderate,,,0.875,
8,target,mountain_bike_trail,moderate,,,0.8125,
8,target,warehouse_with_stacks_of_crates,low,,,0.9375,
8,target,cathedral_interior,moderate,,,0.8823529411764706,
8,target,river_delta,low,,,0.9375,
8,target,basement_storage_room,high,,,0.9411764705882352,
8,target,old_kitchen,high,,,1,
8,target,golf_course,low,,,0.75,
8,target,water_tank_roof,high,,,1,
8,target,airplane_hangar,low,,,0.9411764705882352,
8,target,overgrown_garden,moderate,,,0.875,
8,target,dance_club_with_neon_lights,low,,,0.9411764705882352,
8,target,glowing_bioluminescent_forest,high,,,0.9411764705882352,
8,target,movie_theatre,moderate,,,0.9375,
8,target,desert_rock_arch,low,,,0.8823529411764706,
8,target,wooden_cabin,high,,,0.9375,
8,target,snow-covered_trail,low,,,0.75,
8,target,mountain_stream_waterfall,high,,,0.8125,
8,target,glacier_edge,moderate,,,0.7333333333333333,
8,target,fishing_dock_on_a_quiet_lake,low,,,0.9375,
8,target,snowy_cliffside_trail,low,,,0.875,
8,target,hockey_rink,low,,,1,
8,target,urban_canal,low,,,0.9375,
8,target,spa_room_with_pools,low,,,1,
8,target,candle_workshop,low,,,1,
8,target,alpine_meadow,moderate,,,0.875,
8,target,harbor,moderate,,,0.8823529411764706,
8,target,forest_lake,moderate,,,0.9333333333333332,
8,target,temple_garden,high,,,0.875,
8,target,parking_garage,low,,,1,
8,target,winter_lake,low,,,0.875,
8,target,children_s_playroom,high,,,0.9375,
8,target,farmhouse,moderate,,,0.8666666666666667,
8,target,stormy_ocean_waves,moderate,,,0.875,
8,target,salt_lake,low,,,0.9375,
8,target,cozy_office,moderate,,,1,
8,target,secluded_hilltop_shrine,moderate,,,0.875,
8,target,ballroom,high,,,0.8666666666666667,
8,target,dormitory_hallway,low,,,0.8823529411764706,
8,target,autumn_road,low,,,0.9411764705882352,
8,target,hotel_room_balcony_view,low,,,0.8,
8,target,tropical_beach,low,,,0.9375,
8,target,classroom,high,,,0.75,
8,target,ice_bar,high,,,1,
8,target,indoor_climbing_gym,moderate,,,1,
8,target,detective_office,high,,,0.8666666666666667,
8,target,mountain_top_weather_station,high,,,0.75,
8,target,arctic_ice_floe,low,,,0.9411764705882352,
8,target,victorian_parlor,high,,,0.875,
8,target,urban_sidewalk,low,,,0.875,
8,target,music_studio,moderate,,,0.9375,
8,target,industrial_workshop,low,,,0.875,
8,target,historic_square,high,,,0.75,
8,target,graveyard,moderate,,,0.8,
8,target,basement_workshop,high,,,0.8235294117647058,
8,target,suburb,low,,,0.875,
8,target,desert_oasis,low,,,0.8823529411764706,
8,target,modern_gym,moderate,,,0.8125,
8,target,hospital_waiting_area,high,,,0.9375,
8,target,aviary,low,,,0.9411764705882352,
8,target,pyramids,low,,,0.9375,
8,target,running_tracks,low,,,0.875,
8,target,green_park,moderate,,,0.8,
8,target,quiet_riverbank,low,,,0.75,
8,target,deforested_area,high,,,0.9333333333333332,
8,foil,high-tech_laboratory,moderate,,,,0.625
8,foil,sunlit_forest_path,moderate,,,,0.5
8,foil,underwater_research_station,high,,,,0.375
8,foil,factory_floor_with_conveyor_belts,moderate,,,,0.125
8,foil,windswept_grassland,low,,,,0.375
8,foil,ranch,low,,,,0.4285714285714285
8,foil,birdwatching_tower_in_wetlands,moderate,,,,0.125
8,foil,herbalist_s_shop,high,,,,0.125
8,foil,snowy_village,low,,,,0
8,foil,bakery_kitchen,high,,,,0
8,foil,green_valley,moderate,,,,0.5
8,foil,solar_panel_farm,moderate,,,,0
8,foil,canyon,moderate,,,,0.375
8,foil,desert_nomad_camp,low,,,,0.125
8,foil,cozy_attic,moderate,,,,0.625
8,foil,ship_s_engine_room,low,,,,0.25
8,foil,medieval_tavern,high,,,,0.2857142857142857
8,foil,viking_longhouse,moderate,,,,0
8,foil,basketball_court,low,,,,0.125
8,foil,marshland_boardwalk,moderate,,,,0.25
8,foil,crater_lake,moderate,,,,0.25
8,foil,water_reservoir,low,,,,0.125
8,foil,rustic_barn_loft,low,,,,0.125
8,foil,family_dining_room,low,,,,0.25
8,foil,rainy_mountain_village,high,,,,0.25
8,foil,library,high,,,,0.4285714285714285
8,foil,train_station_platform,high,,,,0.125
8,foil,jazz_club,moderate,,,,0.125
8,foil,bathhouse,high,,,,0.25
8,foil,rooftop_garden,low,,,,0
8,foil,frozen_riverbank,moderate,,,,0.125
8,foil,cheese_cellar,high,,,,0.125
8,foil,airplane_interior,low,,,,0
8,foil,fireplace_lounge,high,,,,0.25
8,foil,flooded_valley,low,,,,0.125
8,foil,jungle,high,,,,0.4285714285714285
8,foil,elevator_shaft_interior,low,,,,0.125
8,foil,railway_tunnel,low,,,,0.1428571428571428
8,foil,overgrown_ruins,high,,,,0.375
9,lure,factory_floor_with_conveyor_belts,low,2.333333333,0.375,,
9,lure,warehouse_with_stacks_of_crates,low,2.866666667,0.1428571428571428,,
9,lure,courthouse_interior,low,1.733333333,0.125,,
9,lure,suburb,low,2,0,,
9,lure,hotel_room_balcony_view,low,2.066666667,0.25,,
9,lure,winter_lake,low,2,0,,
9,lure,island_with_palm_trees,low,2.8,0.375,,
9,lure,underground_bunker,low,2.2,0.375,,
9,lure,ornate_theater_balcony,low,1.6,0,,
9,lure,pyramids,low,2.466666667,0.125,,
9,lure,medieval_tavern,low,2.066666667,0.375,,
9,lure,desert_oasis,low,1.866666667,0,,
9,lure,fireplace_lounge,low,1.4,0,,
9,lure,family_dining_room,moderate,3.2,0.125,,
9,lure,autumn_road,moderate,3.333333333,0.5,,
9,lure,spa_room_with_pools,moderate,3,0.375,,
9,lure,windswept_grassland,moderate,3.8,0.7777777777777778,,
9,lure,snowy_cliffside_trail,moderate,2.4,0,,
9,lure,limestone_cave_entrance,moderate,2.933333333,0.125,,
9,lure,indoor_pool,moderate,3,0.375,,
9,lure,zen_garden,moderate,2.933333333,0.5555555555555556,,
9,lure,cozy_office,moderate,3.533333333,0.25,,
9,lure,windmill_field,moderate,3.466666667,0.3333333333333333,,
9,lure,forest_lake,moderate,3.666666667,0.625,,
9,lure,sunken_ship,moderate,3,0.2857142857142857,,
9,lure,airplane_hangar,moderate,2.8,0,,
9,lure,harbor,high,4.4,0,,
9,lure,canyon,high,3.6,0.625,,
9,lure,greenhouse,high,4.066666667,0.625,,
9,lure,observatory_dome_interior,high,3.8,0.375,,
9,lure,railway_tunnel,high,4.666666667,0.5,,
9,lure,overgrown_mine_entrance,high,4.733333333,0.75,,
9,lure,museum_exhibit_room,high,4.533333333,0.5,,
9,lure,birdwatching_tower_in_wetlands,high,4.466666667,0.75,,
9,lure,dimly_lit_modern_bar,high,3.866666667,0.75,,
9,lure,rainy_mountain_village,high,4.466666667,0.75,,
9,lure,overgrown_garden,high,4.466666667,0.875,,
9,lure,high_desert_mesa,high,3.866666667,0.25,,
9,lure,aquarium_viewing_room,high,4.2,1,,
9,target,marshland_boardwalk,low,,,0.9375,
9,target,historic_square,high,,,0.75,
9,target,running_tracks,low,,,0.875,
9,target,aviary,low,,,0.9411764705882352,
9,target,glacier_edge,moderate,,,0.7333333333333333,
9,target,countryside_road,high,,,0.75,
9,target,vintage_diner,high,,,0.9375,
9,target,underground_cave_with_stalactites,low,,,0.8125,
9,target,banquet_hall,low,,,0.875,
9,target,candle_workshop,low,,,1,
9,target,sunlit_forest_path,low,,,0.9375,
9,target,mountain_bike_trail,moderate,,,0.8125,
9,target,market_stall_interior,high,,,0.9375,
9,target,sunset_at_a_wind_farm,low,,,0.9375,
9,target,backyard,moderate,,,0.8125,
9,target,solar_panel_farm,moderate,,,1,
9,target,rooftop_garden,high,,,0.6875,
9,target,indoor_climbing_gym,moderate,,,1,
9,target,crater_lake,moderate,,,0.7647058823529411,
9,target,high-tech_laboratory,low,,,0.8666666666666667,
9,target,art_gallery,moderate,,,0.9375,
9,target,urban_sidewalk,low,,,0.875,
9,target,porch,low,,,0.875,
9,target,train_station_waiting_hall,moderate,,,0.875,
9,target,elevator_shaft_interior,low,,,0.9411764705882352,
9,target,bathroom,high,,,1,
9,target,quiet_riverbank,low,,,0.75,
9,target,ship_s_engine_room,moderate,,,1,
9,target,cathedral_interior,moderate,,,0.8823529411764706,
9,target,village_corner,high,,,0.9375,
9,target,bathhouse,moderate,,,0.6666666666666666,
9,target,ski_lodge,low,,,0.875,
9,target,hospital_waiting_area,high,,,0.9375,
9,target,cheese_cellar,moderate,,,1,
9,target,water_tank_roof,high,,,1,
9,target,graveyard,moderate,,,0.8,
9,target,fishing_dock_on_a_quiet_lake,low,,,0.9375,
9,target,river_delta,low,,,0.9375,
9,target,jazz_club,moderate,,,0.75,
9,target,herbalist_s_shop,moderate,,,0.8823529411764706,
9,target,airplane_interior,low,,,1,
9,target,farmland,low,,,0.875,
9,target,victorian_parlor,high,,,0.875,
9,target,jungle,moderate,,,0.875,
9,target,fountain_plaza,high,,,0.8823529411764706,
9,target,dormitory_hallway,low,,,0.8823529411764706,
9,target,parking_garage,low,,,1,
9,target,prairie_with_grazing_animals,low,,,0.8125,
9,target,rocky_beach,low,,,0.6875,
9,target,basement_storage_room,high,,,0.9411764705882352,
9,target,abandoned_quarry,moderate,,,0.875,
9,target,music_studio,moderate,,,0.9375,
9,target,barber_shop,high,,,1,
9,target,green_park,moderate,,,0.8,
9,target,craft_workshop,low,,,0.8666666666666667,
9,target,artist_s_loft,low,,,0.9411764705882352,
9,target,hockey_rink,low,,,1,
9,target,oil_rig,high,,,1,
9,target,basement_workshop,high,,,0.8235294117647058,
9,target,outdoor_gym,low,,,0.75,
9,target,mountain_stream_waterfall,high,,,0.8125,
9,target,snowy_village,high,,,0.875,
9,target,farmhouse,moderate,,,0.8666666666666667,
9,target,ice_bar,high,,,1,
9,target,modern_gym,moderate,,,0.8125,
9,target,salt_lake,low,,,0.9375,
9,target,classroom,high,,,0.75,
9,target,log_cabin_living_room,high,,,0.9375,
9,target,glowing_bioluminescent_forest,high,,,0.9411764705882352,
9,target,ballroom,high,,,0.8666666666666667,
9,target,bridge,low,,,0.9375,
9,target,frozen_riverbank,high,,,0.9411764705882352,
9,target,train_station_platform,low,,,0.9375,
9,target,volcanic_landscape,low,,,0.875,
9,target,overgrown_ruins,high,,,0.875,
9,target,hot_air_balloon_overlook,moderate,,,1,
9,target,university_lecture_hall,low,,,0.875,
9,target,flooded_valley,high,,,0.7647058823529411,
9,foil,arctic_ice_floe,moderate,,,,0.25
9,foil,desert_nomad_camp,low,,,,0.125
9,foil,detective_office,moderate,,,,0.125
9,foil,ranch,low,,,,0.4285714285714285
9,foil,urban_canal,low,,,,0.25
9,foil,industrial_workshop,high,,,,0.5714285714285714
9,foil,rainy_alleyway,high,,,,0.125
9,foil,wooden_cabin,low,,,,0.375
9,foil,dance_club_with_neon_lights,low,,,,0.125
9,foil,bakery_kitchen,high,,,,0
9,foil,old_kitchen,moderate,,,,0.4285714285714285
9,foil,cozy_attic,moderate,,,,0.625
9,foil,campfire,low,,,,0.125
9,foil,computer_lab,moderate,,,,0.375
9,foil,green_valley,moderate,,,,0.5
9,foil,stormy_ocean_waves,moderate,,,,0.125
9,foil,temple_garden,moderate,,,,0.25
9,foil,library,high,,,,0.4285714285714285
9,foil,water_reservoir,low,,,,0.125
9,foil,children_s_playroom,high,,,,0.125
9,foil,snow-covered_trail,high,,,,0.375
9,foil,secluded_hilltop_shrine,high,,,,0.25
9,foil,mountain_top_weather_station,moderate,,,,0.2857142857142857
9,foil,deforested_area,low,,,,0.25
9,foil,basketball_court,low,,,,0.125
9,foil,laundromat,high,,,,0.1428571428571428
9,foil,movie_theatre,low,,,,0.25
9,foil,viking_longhouse,moderate,,,,0
9,foil,base_camp,low,,,,0.125
9,foil,deserted_pier,moderate,,,,0
9,foil,alpine_meadow,high,,,,0.5
9,foil,castle_tower_chamber,low,,,,0.125
9,foil,desert_rock_arch,high,,,,0.125
9,foil,golf_course,low,,,,0.125
9,foil,rustic_barn_loft,low,,,,0.125
9,foil,concert_hall,high,,,,0.25
9,foil,dry_riverbed,moderate,,,,0.25
9,foil,tropical_beach,moderate,,,,0.25
9,foil,underwater_research_station,high,,,,0.375
10,lure,birdwatching_tower_in_wetlands,low,2.466666667,0.125,,
10,lure,deserted_pier,low,3,0.25,,
10,lure,river_delta,low,3.066666667,0,,
10,lure,craft_workshop,low,1.733333333,0.25,,
10,lure,underground_cave_with_stalactites,low,2.733333333,0,,
10,lure,sunset_at_a_wind_farm,low,1.666666667,0.125,,
10,lure,windmill_field,low,2.533333333,0.5714285714285714,,
10,lure,old_kitchen,low,2.266666667,0.25,,
10,lure,prairie_with_grazing_animals,low,1.533333333,0,,
10,lure,campfire,low,3.666666667,0.625,,
10,lure,urban_canal,low,2.533333333,0,,
10,lure,modern_gym,low,1.933333333,0.25,,
10,lure,movie_theatre,low,2.066666667,0,,
10,lure,warehouse_with_stacks_of_crates,moderate,3.266666667,0.5555555555555556,,
10,lure,golf_course,moderate,3.266666667,0.25,,
10,lure,bathhouse,moderate,2.866666667,0.5,,
10,lure,vintage_diner,moderate,3.533333333,0.7777777777777778,,
10,lure,basement_storage_room,moderate,3.4,0.75,,
10,lure,winter_lake,moderate,3.466666667,0.3333333333333333,,
10,lure,glacier_edge,moderate,2.933333333,0,,
10,lure,secluded_hilltop_shrine,moderate,2.2,0,,
10,lure,frozen_riverbank,moderate,3.133333333,0.375,,
10,lure,solar_panel_farm,moderate,2.6,0.25,,
10,lure,basement_workshop,moderate,2.4,0.125,,
10,lure,sunlit_forest_path,moderate,3.4,0.7142857142857143,,
10,lure,temple_garden,moderate,2.8,0.1428571428571428,,
10,lure,arctic_ice_floe,high,4.533333333,0.875,,
10,lure,ship_s_engine_room,high,4,0.2857142857142857,,
10,lure,snowy_village,high,4.133333333,0.5714285714285714,,
10,lure,spa_room_with_pools,high,3.6,0.4285714285714285,,
10,lure,ranch,high,4.266666667,0.75,,
10,lure,water_reservoir,high,3.866666667,0,,
10,lure,countryside_road,high,3.666666667,0.25,,
10,lure,bakery_kitchen,high,3.8,0.375,,
10,lure,volcanic_landscape,high,4.133333333,0.75,,
10,lure,industrial_workshop,high,4.066666667,0.75,,
10,lure,windswept_grassland,high,4.4,0.625,,
10,lure,outdoor_gym,high,3.933333333,0.375,,
10,lure,bathroom,high,3.666666667,0.625,,
10,target,hospital_waiting_area,high,,,0.9375,
10,target,victorian_parlor,high,,,0.875,
10,target,desert_nomad_camp,low,,,0.9411764705882352,
10,target,fireplace_lounge,low,,,0.8125,
10,target,canyon,high,,,0.8823529411764706,
10,target,crater_lake,moderate,,,0.7647058823529411,
10,target,desert_oasis,low,,,0.8823529411764706,
10,target,laundromat,high,,,0.9375,
10,target,log_cabin_living_room,high,,,0.9375,
10,target,rainy_alleyway,high,,,0.875,
10,target,fishing_dock_on_a_quiet_lake,low,,,0.9375,
10,target,railway_tunnel,high,,,0.875,
10,target,base_camp,low,,,0.875,
10,target,train_station_waiting_hall,moderate,,,0.875,
10,target,viking_longhouse,moderate,,,0.8125,
10,target,barber_shop,high,,,1,
10,target,medieval_tavern,moderate,,,0.75,
10,target,flooded_valley,high,,,0.7647058823529411,
10,target,sunken_ship,moderate,,,1,
10,target,green_valley,moderate,,,0.8823529411764706,
10,target,hot_air_balloon_overlook,moderate,,,1,
10,target,courthouse_interior,moderate,,,0.8823529411764706,
10,target,wooden_cabin,high,,,0.9375,
10,target,farmland,low,,,0.875,
10,target,classroom,high,,,0.75,
10,target,herbalist_s_shop,moderate,,,0.8823529411764706,
10,target,hockey_rink,low,,,1,
10,target,water_tank_roof,high,,,1,
10,target,parking_garage,low,,,1,
10,target,indoor_pool,high,,,0.875,
10,target,university_lecture_hall,low,,,0.875,
10,target,dance_club_with_neon_lights,low,,,0.9411764705882352,
10,target,mountain_top_weather_station,high,,,0.75,
10,target,jazz_club,moderate,,,0.75,
10,target,aquarium_viewing_room,low,,,0.9411764705882352,
10,target,candle_workshop,low,,,1,
10,target,zen_garden,low,,,0.8125,
10,target,porch,low,,,0.875,
10,target,snowy_cliffside_trail,low,,,0.875,
10,target,mountain_bike_trail,moderate,,,0.8125,
10,target,elevator_shaft_interior,low,,,0.9411764705882352,
10,target,overgrown_ruins,high,,,0.875,
10,target,graveyard,moderate,,,0.8,
10,target,urban_sidewalk,low,,,0.875,
10,target,banquet_hall,low,,,0.875,
10,target,bridge,low,,,0.9375,
10,target,artist_s_loft,low,,,0.9411764705882352,
10,target,snow-covered_trail,low,,,0.75,
10,target,library,high,,,1,
10,target,airplane_hangar,low,,,0.9411764705882352,
10,target,tropical_beach,low,,,0.9375,
10,target,deforested_area,high,,,0.9333333333333332,
10,target,underwater_research_station,low,,,1,
10,target,rocky_beach,low,,,0.6875,
10,target,glowing_bioluminescent_forest,high,,,0.9411764705882352,
10,target,cathedral_interior,moderate,,,0.8823529411764706,
10,target,alpine_meadow,moderate,,,0.875,
10,target,rustic_barn_loft,high,,,0.9375,
10,target,rainy_mountain_village,moderate,,,0.8125,
10,target,detective_office,high,,,0.8666666666666667,
10,target,rooftop_garden,high,,,0.6875,
10,target,salt_lake,low,,,0.9375,
10,target,high-tech_laboratory,low,,,0.8666666666666667,
10,target,island_with_palm_trees,high,,,0.9375,
10,target,pyramids,low,,,0.9375,
10,target,ornate_theater_balcony,moderate,,,1,
10,target,backyard,moderate,,,0.8125,
10,target,concert_hall,moderate,,,0.8235294117647058,
10,target,cozy_attic,moderate,,,1,
10,target,high_desert_mesa,low,,,0.7333333333333333,
10,target,autumn_road,low,,,0.9411764705882352,
10,target,harbor,moderate,,,0.8823529411764706,
10,target,factory_floor_with_conveyor_belts,low,,,0.8235294117647058,
10,target,green_park,moderate,,,0.8,
10,target,dimly_lit_modern_bar,moderate,,,0.9375,
10,target,quiet_riverbank,low,,,0.75,
10,target,basketball_court,low,,,0.8125,
10,target,ice_bar,high,,,1,
10,foil,airplane_interior,low,,,,0
10,foil,mountain_stream_waterfall,high,,,,0.2222222222222222
10,foil,dormitory_hallway,low,,,,0.25
10,foil,farmhouse,moderate,,,,0.125
10,foil,limestone_cave_entrance,high,,,,0.1428571428571428
10,foil,museum_exhibit_room,moderate,,,,0.2857142857142857
10,foil,forest_lake,high,,,,0.625
10,foil,historic_square,moderate,,,,0.25
10,foil,overgrown_mine_entrance,high,,,,0.1111111111111111
10,foil,running_tracks,low,,,,0.125
10,foil,family_dining_room,low,,,,0.25
10,foil,dry_riverbed,moderate,,,,0.25
10,foil,train_station_platform,high,,,,0.125
10,foil,underground_bunker,high,,,,0.5
10,foil,abandoned_quarry,low,,,,0.125
10,foil,cheese_cellar,high,,,,0.125
10,foil,cozy_office,low,,,,0.375
10,foil,fountain_plaza,moderate,,,,0.375
10,foil,market_stall_interior,low,,,,0.1111111111111111
10,foil,computer_lab,moderate,,,,0.375
10,foil,oil_rig,low,,,,0.125
10,foil,greenhouse,high,,,,0.5
10,foil,aviary,moderate,,,,0.125
10,foil,jungle,high,,,,0.4285714285714285
10,foil,overgrown_garden,moderate,,,,0.2857142857142857
10,foil,observatory_dome_interior,low,,,,0.25
10,foil,indoor_climbing_gym,moderate,,,,0.125
10,foil,ballroom,high,,,,0.25
10,foil,desert_rock_arch,high,,,,0.125
10,foil,music_studio,moderate,,,,0.1428571428571428
10,foil,marshland_boardwalk,moderate,,,,0.25
10,foil,art_gallery,moderate,,,,0.25
10,foil,children_s_playroom,high,,,,0.125
10,foil,suburb,moderate,,,,0.125
10,foil,hotel_room_balcony_view,high,,,,0.25
10,foil,castle_tower_chamber,low,,,,0.125
10,foil,village_corner,low,,,,0.125
10,foil,ski_lodge,moderate,,,,0.25
10,foil,stormy_ocean_waves,moderate,,,,0.125
11,lure,viking_longhouse,low,2.333333333,0.1428571428571428,,
11,lure,basement_workshop,low,2.333333333,0.25,,
11,lure,children_s_playroom,low,2.066666667,0.125,,
11,lure,autumn_road,low,1.533333333,0.125,,
11,lure,herbalist_s_shop,low,2.2,0.25,,
11,lure,desert_nomad_camp,low,2.666666667,0,,
11,lure,train_station_waiting_hall,low,1.933333333,0,,
11,lure,cheese_cellar,low,2.8,0.875,,
11,lure,airplane_hangar,low,2.266666667,0,,
11,lure,canyon,low,2.4,0.125,,
11,lure,farmland,low,1.466666667,0.125,,
11,lure,snow-covered_trail,low,2.466666667,0.1111111111111111,,
11,lure,mountain_bike_trail,low,2.066666667,0.25,,
11,lure,graveyard,moderate,2.866666667,0,,
11,lure,mountain_stream_waterfall,moderate,3.333333333,0.125,,
11,lure,running_tracks,moderate,2.133333333,0.125,,
11,lure,fireplace_lounge,moderate,4.2,0.875,,
11,lure,music_studio,moderate,2.266666667,0,,
11,lure,crater_lake,moderate,2.933333333,0.25,,
11,lure,hockey_rink,moderate,3.133333333,0.75,,
11,lure,modern_gym,moderate,2.666666667,0.25,,
11,lure,prairie_with_grazing_animals,moderate,4.333333333,0.375,,
11,lure,hot_air_balloon_overlook,moderate,3.933333333,0.625,,
11,lure,ship_s_engine_room,moderate,3,0.375,,
11,lure,oil_rig,moderate,3.333333333,0.375,,
11,lure,dance_club_with_neon_lights,moderate,3.666666667,0.5,,
11,lure,train_station_platform,high,3.866666667,0.8888888888888888,,
11,lure,tropical_beach,high,4.066666667,0.4444444444444444,,
11,lure,victorian_parlor,high,4.066666667,0.625,,
11,lure,fishing_dock_on_a_quiet_lake,high,4,0.5,,
11,lure,candle_workshop,high,4.4,0.875,,
11,lure,dry_riverbed,high,4.466666667,0.625,,
11,lure,bathhouse,high,3.733333333,0.25,,
11,lure,deforested_area,high,4.533333333,0.625,,
11,lure,desert_oasis,high,4.6,0.75,,
11,lure,historic_square,high,3.466666667,0,,
11,lure,basketball_court,high,4.333333333,0.75,,
11,lure,fountain_plaza,high,3.8,0.5,,
11,lure,alpine_meadow,high,4.666666667,0.75,,
11,target,old_kitchen,high,,,1,
11,target,village_corner,high,,,0.9375,
11,target,underground_bunker,low,,,0.8125,
11,target,log_cabin_living_room,high,,,0.9375,
11,target,courthouse_interior,moderate,,,0.8823529411764706,
11,target,indoor_pool,high,,,0.875,
11,target,flooded_valley,high,,,0.7647058823529411,
11,target,hotel_room_balcony_view,low,,,0.8,
11,target,university_lecture_hall,low,,,0.875,
11,target,aviary,low,,,0.9411764705882352,
11,target,rustic_barn_loft,high,,,0.9375,
11,target,green_valley,moderate,,,0.8823529411764706,
11,target,observatory_dome_interior,moderate,,,0.875,
11,target,glowing_bioluminescent_forest,high,,,0.9411764705882352,
11,target,industrial_workshop,low,,,0.875,
11,target,wooden_cabin,high,,,0.9375,
11,target,desert_rock_arch,low,,,0.8823529411764706,
11,target,spa_room_with_pools,low,,,1,
11,target,salt_lake,low,,,0.9375,
11,target,limestone_cave_entrance,high,,,0.8125,
11,target,market_stall_interior,high,,,0.9375,
11,target,outdoor_gym,low,,,0.75,
11,target,suburb,low,,,0.875,
11,target,river_delta,low,,,0.9375,
11,target,rocky_beach,low,,,0.6875,
11,target,zen_garden,low,,,0.8125,
11,target,rainy_mountain_village,moderate,,,0.8125,
11,target,art_gallery,moderate,,,0.9375,
11,target,volcanic_landscape,low,,,0.875,
11,target,bathroom,high,,,1,
11,target,library,high,,,1,
11,target,stormy_ocean_waves,moderate,,,0.875,
11,target,glacier_edge,moderate,,,0.7333333333333333,
11,target,porch,low,,,0.875,
11,target,underground_cave_with_stalactites,low,,,0.8125,
11,target,harbor,moderate,,,0.8823529411764706,
11,target,museum_exhibit_room,high,,,0.8125,
11,target,ski_lodge,low,,,0.875,
11,target,sunken_ship,moderate,,,1,
11,target,pyramids,low,,,0.9375,
11,target,quiet_riverbank,low,,,0.75,
11,target,deserted_pier,low,,,0.9411764705882352,
11,target,bakery_kitchen,high,,,0.8666666666666667,
11,target,rooftop_garden,high,,,0.6875,
11,target,aquarium_viewing_room,low,,,0.9411764705882352,
11,target,cozy_attic,moderate,,,1,
11,target,birdwatching_tower_in_wetlands,moderate,,,0.8666666666666667,
11,target,banquet_hall,low,,,0.875,
11,target,high_desert_mesa,low,,,0.7333333333333333,
11,target,ballroom,high,,,0.8666666666666667,
11,target,island_with_palm_trees,high,,,0.9375,
11,target,rainy_alleyway,high,,,0.875,
11,target,farmhouse,moderate,,,0.8666666666666667,
11,target,bridge,low,,,0.9375,
11,target,secluded_hilltop_shrine,moderate,,,0.875,
11,target,elevator_shaft_interior,low,,,0.9411764705882352,
11,target,ice_bar,high,,,1,
11,target,greenhouse,moderate,,,0.9411764705882352,
11,target,snowy_village,high,,,0.875,
11,target,solar_panel_farm,moderate,,,1,
11,target,vintage_diner,high,,,0.9375,
11,target,parking_garage,low,,,1,
11,target,mountain_top_weather_station,high,,,0.75,
11,target,cozy_office,moderate,,,1,
11,target,indoor_climbing_gym,moderate,,,1,
11,target,artist_s_loft,low,,,0.9411764705882352,
11,target,green_park,moderate,,,0.8,
11,target,temple_garden,high,,,0.875,
11,target,water_reservoir,high,,,0.875,
11,target,classroom,high,,,0.75,
11,target,concert_hall,moderate,,,0.8235294117647058,
11,target,railway_tunnel,high,,,0.875,
11,target,castle_tower_chamber,moderate,,,0.9411764705882352,
11,target,dimly_lit_modern_bar,moderate,,,0.9375,
11,target,abandoned_quarry,moderate,,,0.875,
11,target,cathedral_interior,moderate,,,0.8823529411764706,
11,target,underwater_research_station,low,,,1,
11,target,forest_lake,moderate,,,0.9333333333333332,
11,foil,countryside_road,high,,,,0.25
11,foil,urban_sidewalk,low,,,,0.25
11,foil,high-tech_laboratory,moderate,,,,0.625
11,foil,windmill_field,moderate,,,,0.125
11,foil,arctic_ice_floe,moderate,,,,0.25
11,foil,movie_theatre,low,,,,0.25
11,foil,frozen_riverbank,moderate,,,,0.125
11,foil,laundromat,high,,,,0.1428571428571428
11,foil,marshland_boardwalk,moderate,,,,0.25
11,foil,family_dining_room,low,,,,0.25
11,foil,computer_lab,moderate,,,,0.375
11,foil,hospital_waiting_area,low,,,,0.125
11,foil,jungle,high,,,,0.4285714285714285
11,foil,craft_workshop,high,,,,0.25
11,foil,ranch,low,,,,0.4285714285714285
11,foil,windswept_grassland,low,,,,0.375
11,foil,detective_office,moderate,,,,0.125
11,foil,snowy_cliffside_trail,moderate,,,,0.125
11,foil,base_camp,low,,,,0.125
11,foil,dormitory_hallway,low,,,,0.25
11,foil,basement_storage_room,high,,,,0.375
11,foil,ornate_theater_balcony,moderate,,,,0
11,foil,medieval_tavern,high,,,,0.2857142857142857
11,foil,barber_shop,low,,,,0.125
11,foil,overgrown_garden,moderate,,,,0.2857142857142857
11,foil,urban_canal,low,,,,0.25
11,foil,overgrown_mine_entrance,high,,,,0.1111111111111111
11,foil,sunlit_forest_path,moderate,,,,0.5
11,foil,sunset_at_a_wind_farm,low,,,,0
11,foil,winter_lake,high,,,,0.25
11,foil,airplane_interior,low,,,,0
11,foil,golf_course,low,,,,0.125
11,foil,campfire,low,,,,0.125
11,foil,backyard,moderate,,,,0.125
11,foil,water_tank_roof,moderate,,,,0.125
11,foil,warehouse_with_stacks_of_crates,low,,,,0.5
11,foil,factory_floor_with_conveyor_belts,moderate,,,,0.125
11,foil,overgrown_ruins,high,,,,0.375
11,foil,jazz_club,moderate,,,,0.125
12,lure,banquet_hall,low,2.466666667,0,,
12,lure,marshland_boardwalk,low,1.666666667,0.125,,
12,lure,water_reservoir,low,2.533333333,0.1428571428571428,,
12,lure,cathedral_interior,low,2.2,0.25,,
12,lure,secluded_hilltop_shrine,low,1.933333333,0,,
12,lure,fountain_plaza,low,2.2,0,,
12,lure,green_park,low,2.733333333,0.25,,
12,lure,sunlit_forest_path,low,3.333333333,0.25,,
12,lure,indoor_pool,low,2.6,0.125,,
12,lure,dance_club_with_neon_lights,low,1.866666667,0,,
12,lure,rainy_mountain_village,low,3.133333333,0.375,,
12,lure,laundromat,low,2.533333333,0.625,,
12,lure,urban_sidewalk,low,2.066666667,0.125,,
12,lure,suburb,moderate,2.933333333,0.125,,
12,lure,ice_bar,moderate,3.2,0.375,,
12,lure,detective_office,moderate,3.466666667,0.25,,
12,lure,mountain_top_weather_station,moderate,3.933333333,0.5,,
12,lure,high-tech_laboratory,moderate,2.333333333,0,,
12,lure,wooden_cabin,moderate,3.933333333,0.6666666666666666,,
12,lure,candle_workshop,moderate,3.133333333,0.75,,
12,lure,porch,moderate,3.6,0.25,,
12,lure,base_camp,moderate,4.066666667,0.375,,
12,lure,movie_theatre,moderate,4,0.625,,
12,lure,cozy_attic,moderate,4,0.875,,
12,lure,greenhouse,moderate,3.8,0.5,,
12,lure,railway_tunnel,moderate,2.866666667,0.125,,
12,lure,factory_floor_with_conveyor_belts,high,4.133333333,0.75,,
12,lure,pyramids,high,4.066666667,0.625,,
12,lure,running_tracks,high,4.333333333,0.7142857142857143,,
12,lure,mountain_stream_waterfall,high,4.4,0.75,,
12,lure,mountain_bike_trail,high,4.6,1,,
12,lure,ski_lodge,high,4.2,0.7142857142857143,,
12,lure,old_kitchen,high,4.266666667,0.625,,
12,lure,green_valley,high,4.8,0.75,,
12,lure,desert_nomad_camp,high,4.333333333,0.25,,
12,lure,children_s_playroom,high,3.4,0.125,,
12,lure,hockey_rink,high,3.666666667,0.125,,
12,lure,artist_s_loft,high,3.933333333,0.75,,
12,lure,herbalist_s_shop,high,3.666666667,0,,
12,target,rooftop_garden,high,,,0.6875,
12,target,canyon,high,,,0.8823529411764706,
12,target,viking_longhouse,moderate,,,0.8125,
12,target,harbor,moderate,,,0.8823529411764706,
12,target,underground_bunker,low,,,0.8125,
12,target,windmill_field,moderate,,,0.8125,
12,target,university_lecture_hall,low,,,0.875,
12,target,art_gallery,moderate,,,0.9375,
12,target,limestone_cave_entrance,high,,,0.8125,
12,target,overgrown_mine_entrance,low,,,1,
12,target,ship_s_engine_room,moderate,,,1,
12,target,ornate_theater_balcony,moderate,,,1,
12,target,basement_storage_room,high,,,0.9411764705882352,
12,target,modern_gym,moderate,,,0.8125,
12,target,overgrown_ruins,high,,,0.875,
12,target,hospital_waiting_area,high,,,0.9375,
12,target,stormy_ocean_waves,moderate,,,0.875,
12,target,vintage_diner,high,,,0.9375,
12,target,dimly_lit_modern_bar,moderate,,,0.9375,
12,target,rocky_beach,low,,,0.6875,
12,target,autumn_road,low,,,0.9411764705882352,
12,target,desert_oasis,low,,,0.8823529411764706,
12,target,quiet_riverbank,low,,,0.75,
12,target,observatory_dome_interior,moderate,,,0.875,
12,target,high_desert_mesa,low,,,0.7333333333333333,
12,target,countryside_road,high,,,0.75,
12,target,volcanic_landscape,low,,,0.875,
12,target,dry_riverbed,low,,,0.9411764705882352,
12,target,arctic_ice_floe,low,,,0.9411764705882352,
12,target,industrial_workshop,low,,,0.875,
12,target,island_with_palm_trees,high,,,0.9375,
12,target,airplane_hangar,low,,,0.9411764705882352,
12,target,flooded_valley,high,,,0.7647058823529411,
12,target,library,high,,,1,
12,target,music_studio,moderate,,,0.9375,
12,target,elevator_shaft_interior,low,,,0.9411764705882352,
12,target,train_station_platform,low,,,0.9375,
12,target,rustic_barn_loft,high,,,0.9375,
12,target,deserted_pier,low,,,0.9411764705882352,
12,target,backyard,moderate,,,0.8125,
12,target,airplane_interior,low,,,1,
12,target,fishing_dock_on_a_quiet_lake,low,,,0.9375,
12,target,family_dining_room,moderate,,,0.8125,
12,target,snowy_village,high,,,0.875,
12,target,castle_tower_chamber,moderate,,,0.9411764705882352,
12,target,hot_air_balloon_overlook,moderate,,,1,
12,target,urban_canal,low,,,0.9375,
12,target,market_stall_interior,high,,,0.9375,
12,target,aviary,low,,,0.9411764705882352,
12,target,ballroom,high,,,0.8666666666666667,
12,target,basketball_court,low,,,0.8125,
12,target,prairie_with_grazing_animals,low,,,0.8125,
12,target,underwater_research_station,low,,,1,
12,target,train_station_waiting_hall,moderate,,,0.875,
12,target,rainy_alleyway,high,,,0.875,
12,target,computer_lab,moderate,,,0.9411764705882352,
12,target,tropical_beach,low,,,0.9375,
12,target,windswept_grassland,moderate,,,0.9375,
12,target,oil_rig,high,,,1,
12,target,parking_garage,low,,,1,
12,target,water_tank_roof,high,,,1,
12,target,jungle,moderate,,,0.875,
12,target,medieval_tavern,moderate,,,0.75,
12,target,cozy_office,moderate,,,1,
12,target,snowy_cliffside_trail,low,,,0.875,
12,target,aquarium_viewing_room,low,,,0.9411764705882352,
12,target,fireplace_lounge,low,,,0.8125,
12,target,courthouse_interior,moderate,,,0.8823529411764706,
12,target,ranch,high,,,0.8125,
12,target,craft_workshop,low,,,0.8666666666666667,
12,target,outdoor_gym,low,,,0.75,
12,target,birdwatching_tower_in_wetlands,moderate,,,0.8666666666666667,
12,target,farmland,low,,,0.875,
12,target,farmhouse,moderate,,,0.8666666666666667,
12,target,bathroom,high,,,1,
12,target,sunken_ship,moderate,,,1,
12,target,spa_room_with_pools,low,,,1,
12,target,jazz_club,moderate,,,0.75,
12,foil,basement_workshop,moderate,,,,0.25
12,foil,river_delta,low,,,,0.1428571428571428
12,foil,salt_lake,high,,,,0.25
12,foil,golf_course,low,,,,0.125
12,foil,victorian_parlor,moderate,,,,0.125
12,foil,forest_lake,high,,,,0.625
12,foil,historic_square,moderate,,,,0.25
12,foil,village_corner,low,,,,0.125
12,foil,glacier_edge,high,,,,0.125
12,foil,deforested_area,low,,,,0.25
12,foil,campfire,low,,,,0.125
12,foil,zen_garden,high,,,,0.125
12,foil,sunset_at_a_wind_farm,low,,,,0
12,foil,barber_shop,low,,,,0.125
12,foil,bathhouse,high,,,,0.25
12,foil,bakery_kitchen,high,,,,0
12,foil,indoor_climbing_gym,moderate,,,,0.125
12,foil,museum_exhibit_room,moderate,,,,0.2857142857142857
12,foil,concert_hall,high,,,,0.25
12,foil,dormitory_hallway,low,,,,0.25
12,foil,classroom,moderate,,,,0.375
12,foil,desert_rock_arch,high,,,,0.125
12,foil,winter_lake,high,,,,0.25
12,foil,snow-covered_trail,high,,,,0.375
12,foil,crater_lake,moderate,,,,0.25
12,foil,graveyard,moderate,,,,0
12,foil,frozen_riverbank,moderate,,,,0.125
12,foil,hotel_room_balcony_view,high,,,,0.25
12,foil,cheese_cellar,high,,,,0.125
12,foil,log_cabin_living_room,high,,,,0.7142857142857143
12,foil,temple_garden,moderate,,,,0.25
12,foil,warehouse_with_stacks_of_crates,low,,,,0.5
12,foil,overgrown_garden,moderate,,,,0.2857142857142857
12,foil,underground_cave_with_stalactites,high,,,,0.375
12,foil,solar_panel_farm,moderate,,,,0
12,foil,bridge,low,,,,0.125
12,foil,alpine_meadow,high,,,,0.5
12,foil,abandoned_quarry,low,,,,0.125
12,foil,glowing_bioluminescent_forest,low,,,,0
